/*
 Navicat MySQL Data Transfer

 Source Server         : localhost
 Source Server Type    : MySQL
 Source Server Version : 100406
 Source Host           : localhost:3306
 Source Schema         : sg

 Target Server Type    : MySQL
 Target Server Version : 100406
 File Encoding         : 65001

 Date: 27/07/2020 14:41:25
*/

SET NAMES utf8mb4;
SET FOREIGN_KEY_CHECKS = 0;

-- ----------------------------
-- Table structure for itemappearance
-- ----------------------------
DROP TABLE IF EXISTS `itemappearance`;
CREATE TABLE `itemappearance`  (
  `fdItemID` int(11) NOT NULL,
  `fdEqu` int(11) NOT NULL,
  PRIMARY KEY (`fdItemID`) USING BTREE
) ENGINE = InnoDB CHARACTER SET = big5 COLLATE = big5_chinese_ci ROW_FORMAT = Dynamic;

-- ----------------------------
-- Records of itemappearance
-- ----------------------------
INSERT INTO `itemappearance` VALUES (1677721824, 224);
INSERT INTO `itemappearance` VALUES (1677721825, 225);
INSERT INTO `itemappearance` VALUES (1677721827, 227);
INSERT INTO `itemappearance` VALUES (1677721828, 228);
INSERT INTO `itemappearance` VALUES (1677721834, 234);
INSERT INTO `itemappearance` VALUES (1677721835, 235);
INSERT INTO `itemappearance` VALUES (1677721837, 237);
INSERT INTO `itemappearance` VALUES (1677721838, 238);
INSERT INTO `itemappearance` VALUES (1677722104, 504);
INSERT INTO `itemappearance` VALUES (1677722105, 505);
INSERT INTO `itemappearance` VALUES (1677722107, 507);
INSERT INTO `itemappearance` VALUES (1677722108, 508);
INSERT INTO `itemappearance` VALUES (1677722114, 514);
INSERT INTO `itemappearance` VALUES (1677722115, 515);
INSERT INTO `itemappearance` VALUES (1677722117, 517);
INSERT INTO `itemappearance` VALUES (1677722118, 518);
INSERT INTO `itemappearance` VALUES (1677722124, 524);
INSERT INTO `itemappearance` VALUES (1677722125, 525);
INSERT INTO `itemappearance` VALUES (1677722127, 527);
INSERT INTO `itemappearance` VALUES (1677722128, 528);
INSERT INTO `itemappearance` VALUES (1677722200, 604);
INSERT INTO `itemappearance` VALUES (1677722205, 605);
INSERT INTO `itemappearance` VALUES (1677722208, 608);
INSERT INTO `itemappearance` VALUES (1677722220, 624);
INSERT INTO `itemappearance` VALUES (1677722225, 625);
INSERT INTO `itemappearance` VALUES (1677722228, 628);
INSERT INTO `itemappearance` VALUES (1677722304, 704);
INSERT INTO `itemappearance` VALUES (1677722305, 705);
INSERT INTO `itemappearance` VALUES (1677722307, 707);
INSERT INTO `itemappearance` VALUES (1677722308, 708);
INSERT INTO `itemappearance` VALUES (1677722600, 1004);
INSERT INTO `itemappearance` VALUES (1677722608, 1008);
INSERT INTO `itemappearance` VALUES (1677722650, 1054);
INSERT INTO `itemappearance` VALUES (1677722655, 1055);
INSERT INTO `itemappearance` VALUES (1677722658, 1058);
INSERT INTO `itemappearance` VALUES (1677722660, 1064);
INSERT INTO `itemappearance` VALUES (1677722665, 1065);
INSERT INTO `itemappearance` VALUES (1677722668, 1068);
INSERT INTO `itemappearance` VALUES (1677722670, 1074);
INSERT INTO `itemappearance` VALUES (1677722678, 1078);
INSERT INTO `itemappearance` VALUES (1677727650, 6054);
INSERT INTO `itemappearance` VALUES (1677727658, 6058);
INSERT INTO `itemappearance` VALUES (1677727660, 6064);
INSERT INTO `itemappearance` VALUES (1677727668, 6068);
INSERT INTO `itemappearance` VALUES (1677727670, 6074);
INSERT INTO `itemappearance` VALUES (1677727678, 6078);
INSERT INTO `itemappearance` VALUES (1677727680, 6084);
INSERT INTO `itemappearance` VALUES (1677727688, 6088);
INSERT INTO `itemappearance` VALUES (1677727690, 6094);
INSERT INTO `itemappearance` VALUES (1677727698, 6098);
INSERT INTO `itemappearance` VALUES (1677727710, 6114);
INSERT INTO `itemappearance` VALUES (1677727715, 6115);
INSERT INTO `itemappearance` VALUES (1677727718, 6118);
INSERT INTO `itemappearance` VALUES (1677727720, 6124);
INSERT INTO `itemappearance` VALUES (1677727725, 6125);
INSERT INTO `itemappearance` VALUES (1677727728, 6128);

-- ----------------------------
-- Table structure for itemequinfo
-- ----------------------------
DROP TABLE IF EXISTS `itemequinfo`;
CREATE TABLE `itemequinfo`  (
  `fdItemID` int(11) NOT NULL,
  `fdItemTypeNum` int(11) NOT NULL,
  `fdItemCorrect` int(11) NOT NULL,
  `fdItemName` varchar(50) CHARACTER SET big5 COLLATE big5_chinese_ci NOT NULL,
  `fdItemDesc` varchar(50) CHARACTER SET big5 COLLATE big5_chinese_ci NOT NULL,
  `fdItemType` varchar(50) CHARACTER SET big5 COLLATE big5_chinese_ci NOT NULL,
  `fdItemValidDate` varchar(50) CHARACTER SET big5 COLLATE big5_chinese_ci NOT NULL,
  `fdItemUsageLimit` varchar(50) CHARACTER SET big5 COLLATE big5_chinese_ci NOT NULL,
  `fdItemCombinable` varchar(50) CHARACTER SET big5 COLLATE big5_chinese_ci NOT NULL,
  `fdItemDurability` int(50) NOT NULL,
  `fdItemWeight` int(11) NOT NULL,
  `fdItemPhysicalDamage` int(11) NOT NULL,
  `fdItemMagicDamage` int(11) NOT NULL,
  `fdItemAttackEffect1` int(11) NOT NULL,
  `fdItemAttackEffect2` int(11) NOT NULL,
  `fdItemAttackEffect3` int(11) NOT NULL,
  `fdItemAttackEffect4` int(11) NOT NULL,
  `fdItemAttackEffect5` int(11) NOT NULL,
  `fdItemAttackEffect6` int(11) NOT NULL,
  `fdItemAttackEffect7` int(11) NOT NULL,
  `fdItemAttackEffect8` int(11) NOT NULL,
  `fdItemAttackEffect9` int(11) NOT NULL,
  `fdItemAttackEffect10` int(11) NOT NULL,
  `fdItemDefenceEffect1` int(11) NOT NULL,
  `fdItemDefenceEffect2` int(11) NOT NULL,
  `fdItemDefenceEffect3` int(11) NOT NULL,
  `fdItemDefenceEffect4` int(11) NOT NULL,
  `fdItemDefenceEffect5` int(11) NOT NULL,
  `fdItemDefenceEffect6` int(11) NOT NULL,
  `fdItemDefenceEffect7` int(11) NOT NULL,
  `fdItemDefenceEffect8` int(11) NOT NULL,
  `fdItemDefenceEffect9` int(11) NOT NULL,
  `fdItemDefenceEffect10` int(11) NOT NULL
) ENGINE = InnoDB CHARACTER SET = big5 COLLATE = big5_chinese_ci ROW_FORMAT = Dynamic;

-- ----------------------------
-- Records of itemequinfo
-- ----------------------------
INSERT INTO `itemequinfo` VALUES (1677721824, 4, 0, '板金胸甲', '由金屬板製成的鎧甲。設計上較重視輕巧程度，防禦面不能有太高期待。', '重鎧', '無', 'LV12 戰騎', '不可', 0, 162, 0, 0, 0, 0, 0, 0, 0, 0, 0, 0, 0, 0, 27, 29, 26, 15, 15, 11, 15, 7, 7, 7);
INSERT INTO `itemequinfo` VALUES (1677721834, 4, 0, '騎士胸甲', '無', '重鎧', '無', 'LV36 戰騎', '不可', 0, 162, 0, 0, 0, 0, 0, 0, 0, 0, 0, 0, 0, 0, 56, 58, 53, 31, 31, 22, 30, 14, 15, 14);
INSERT INTO `itemequinfo` VALUES (1677721834, 4, 1, '騎士胸甲 +I', '無', '重鎧', '無', 'LV36 戰騎', '不可', 0, 162, 0, 0, 0, 0, 0, 0, 0, 0, 0, 0, 0, 0, 57, 60, 55, 32, 32, 24, 31, 15, 16, 15);
INSERT INTO `itemequinfo` VALUES (1677721834, 4, 2, '騎士胸甲 +II', '無', '重鎧', '無', 'LV36 戰騎', '不可', 0, 162, 0, 0, 0, 0, 0, 0, 0, 0, 0, 0, 0, 0, 59, 61, 56, 34, 34, 25, 33, 16, 18, 16);
INSERT INTO `itemequinfo` VALUES (1677721834, 4, 3, '騎士胸甲 Ｓ', '無', '重鎧', '無', 'LV36 戰騎', '不可', 0, 162, 0, 0, 0, 0, 0, 0, 0, 0, 0, 0, 0, 0, 59, 61, 56, 34, 34, 25, 33, 16, 18, 16);
INSERT INTO `itemequinfo` VALUES (1677722104, 4, 0, '輕夾克', '儘管這件夾克著重外觀多於防禦力，但材料本身卻意外堅固。', '重裝', '無', 'LV1 格幻盜忍', '不可', 0, 98, 0, 0, 0, 0, 0, 0, 0, 0, 0, 0, 0, 0, 12, 12, 10, 7, 6, 6, 7, 4, 4, 4);
INSERT INTO `itemequinfo` VALUES (1677722104, 4, 1, '輕夾克 +I', '儘管這件夾克著重外觀多於防禦力，但材料本身卻意外堅固。', '重裝', '無', 'LV1 格幻盜忍', '不可', 0, 98, 0, 0, 0, 0, 0, 0, 0, 0, 0, 0, 0, 0, 12, 13, 11, 7, 7, 7, 7, 5, 5, 5);
INSERT INTO `itemequinfo` VALUES (1677722104, 4, 2, '輕夾克 +II', '儘管這件夾克著重外觀多於防禦力，但材料本身卻意外堅固。', '重裝', '無', 'LV1 格幻盜忍', '不可', 0, 98, 0, 0, 0, 0, 0, 0, 0, 0, 0, 0, 0, 0, 13, 13, 11, 8, 7, 7, 8, 5, 5, 5);
INSERT INTO `itemequinfo` VALUES (1677722104, 4, 3, '輕夾克 Ｓ', '儘管這件夾克著重外觀多於防禦力，但材料本身卻意外堅固。', '重裝', '無', 'LV1 格幻盜忍', '不可', 0, 98, 0, 0, 0, 0, 0, 0, 0, 0, 0, 0, 0, 0, 13, 13, 11, 8, 7, 7, 8, 5, 5, 5);
INSERT INTO `itemequinfo` VALUES (1677722114, 4, 0, '彩色夾克', '鑲嵌了亮釘、色彩鮮艷的夾克。', '重裝', '無', 'LV16 格幻盜忍', '不可', 0, 98, 0, 0, 0, 0, 0, 0, 0, 0, 0, 0, 0, 0, 19, 19, 16, 10, 10, 10, 10, 7, 7, 7);
INSERT INTO `itemequinfo` VALUES (1677722114, 4, 1, '彩色夾克 +I', '鑲嵌了亮釘、色彩鮮艷的夾克。', '重裝', '無', 'LV16 格幻盜忍', '不可', 0, 98, 0, 0, 0, 0, 0, 0, 0, 0, 0, 0, 0, 0, 19, 20, 17, 11, 10, 10, 11, 8, 8, 8);
INSERT INTO `itemequinfo` VALUES (1677722114, 4, 2, '彩色夾克 +II', '鑲嵌了亮釘、色彩鮮艷的夾克。', '重裝', '無', 'LV16 格幻盜忍', '不可', 0, 98, 0, 0, 0, 0, 0, 0, 0, 0, 0, 0, 0, 0, 20, 21, 17, 12, 11, 11, 12, 8, 8, 8);
INSERT INTO `itemequinfo` VALUES (1677722114, 4, 3, '彩色夾克 Ｓ', '鑲嵌了亮釘、色彩鮮艷的夾克。', '重裝', '無', 'LV16 格幻盜忍', '不可', 0, 98, 0, 0, 0, 0, 0, 0, 0, 0, 0, 0, 0, 0, 20, 21, 17, 12, 11, 11, 12, 8, 8, 8);
INSERT INTO `itemequinfo` VALUES (1677722124, 4, 0, '星之夾克', '無', '重裝', '無', 'LV40 格幻盜忍', '不可', 0, 98, 0, 0, 0, 0, 0, 0, 0, 0, 0, 0, 0, 0, 38, 39, 32, 21, 20, 20, 21, 14, 14, 14);
INSERT INTO `itemequinfo` VALUES (1677722124, 4, 1, '星之夾克 +I', '無', '重裝', '無', 'LV40 格幻盜忍', '不可', 0, 98, 0, 0, 0, 0, 0, 0, 0, 0, 0, 0, 0, 0, 39, 41, 34, 22, 21, 21, 22, 16, 16, 16);
INSERT INTO `itemequinfo` VALUES (1677722124, 4, 2, '星之夾克 +II', '無', '重裝', '無', 'LV40 格幻盜忍', '不可', 0, 98, 0, 0, 0, 0, 0, 0, 0, 0, 0, 0, 0, 0, 41, 42, 35, 24, 23, 23, 24, 17, 17, 17);
INSERT INTO `itemequinfo` VALUES (1677722124, 4, 3, '星之夾克 Ｓ', '無', '重裝', '無', 'LV40 格幻盜忍', '不可', 0, 98, 0, 0, 0, 0, 0, 0, 0, 0, 0, 0, 0, 0, 41, 42, 35, 24, 23, 23, 24, 17, 17, 17);
INSERT INTO `itemequinfo` VALUES (1677722304, 4, 0, '練武的纏布', '以耐用的布包裹而成的纏布。用於保護腹部免受刀刃所傷。', '中裝', '無', 'LV14 格幻', '不可', 0, 88, 0, 0, 0, 3, 0, 0, 0, 0, 0, 0, 0, 0, 10, 16, 11, 6, 6, 6, 6, 6, 6, 6);
INSERT INTO `itemequinfo` VALUES (1677722304, 4, 1, '練武的纏布 +I', '以耐用的布包裹而成的纏布。用於保護腹部免受刀刃所傷。', '中裝', '無', 'LV14 格幻', '不可', 0, 88, 0, 0, 0, 3, 0, 0, 0, 0, 0, 0, 0, 0, 10, 17, 12, 7, 7, 7, 7, 7, 7, 7);
INSERT INTO `itemequinfo` VALUES (1677722304, 4, 2, '練武的纏布 +II', '以耐用的布包裹而成的纏布。用於保護腹部免受刀刃所傷。', '中裝', '無', 'LV14 格幻', '不可', 0, 88, 0, 0, 0, 3, 0, 0, 0, 0, 0, 0, 0, 0, 11, 18, 12, 8, 8, 8, 8, 8, 8, 8);
INSERT INTO `itemequinfo` VALUES (1677722304, 4, 3, '練武的纏布 Ｓ', '以耐用的布包裹而成的纏布。用於保護腹部免受刀刃所傷。', '中裝', '無', 'LV14 格幻', '不可', 0, 88, 0, 0, 0, 3, 0, 0, 0, 0, 0, 0, 0, 0, 11, 18, 12, 8, 8, 8, 8, 8, 8, 8);
INSERT INTO `itemequinfo` VALUES (1677727650, 2, 0, '見習長袍', '見習魔導師愛用的廉價長袍。不太能抵抗寒暑。', '長袍', '無', 'LV1 黑鍊守次精召', '不可', 0, 72, 0, 0, 0, 0, 0, 0, 0, 0, 0, 0, 0, 0, 6, 6, 6, 9, 9, 9, 9, 9, 9, 9);
INSERT INTO `itemequinfo` VALUES (1677727650, 2, 1, '見習長袍 +I', '見習魔導師愛用的廉價長袍。不太能抵抗寒暑。', '長袍', '無', 'LV1 黑鍊守次精召', '不可', 0, 72, 0, 0, 0, 0, 0, 0, 0, 0, 0, 0, 0, 0, 7, 6, 7, 9, 9, 9, 9, 9, 9, 9);
INSERT INTO `itemequinfo` VALUES (1677727650, 2, 2, '見習長袍 +II', '見習魔導師愛用的廉價長袍。不太能抵抗寒暑。', '長袍', '無', 'LV1 黑鍊守次精召', '不可', 0, 72, 0, 0, 0, 0, 0, 0, 0, 0, 0, 0, 0, 0, 7, 7, 7, 10, 10, 9, 10, 10, 10, 10);
INSERT INTO `itemequinfo` VALUES (1677727650, 2, 3, '見習長袍 Ｓ', '見習魔導師愛用的廉價長袍。不太能抵抗寒暑。', '長袍', '無', 'LV1 黑鍊守次精召', '不可', 0, 72, 0, 0, 0, 0, 0, 0, 0, 0, 0, 0, 0, 0, 7, 7, 7, 10, 10, 9, 10, 10, 10, 10);
INSERT INTO `itemequinfo` VALUES (1677722670, 2, 0, '魔法斗篷', '下裙短，利於行動的斗篷。深受旅行的魔導師所喜愛。', '長袍', '無', 'LV7 黑鍊守次精召', '不可', 0, 72, 0, 0, 0, 0, 0, 0, 0, 0, 0, 0, 0, 0, 7, 7, 7, 11, 11, 10, 11, 11, 11, 11);
INSERT INTO `itemequinfo` VALUES (1677722670, 2, 1, '魔法斗篷 +I', '下裙短，利於行動的斗篷。深受旅行的魔導師所喜愛。', '長袍', '無', 'LV7 黑鍊守次精召', '不可', 0, 72, 0, 0, 0, 0, 0, 0, 0, 0, 0, 0, 0, 0, 0, 0, 0, 0, 0, 0, 0, 0, 0, 0);
INSERT INTO `itemequinfo` VALUES (1677722670, 2, 2, '魔法斗篷 +II', '下裙短，利於行動的斗篷。深受旅行的魔導師所喜愛。', '長袍', '無', 'LV7 黑鍊守次精召', '不可', 0, 72, 0, 0, 0, 0, 0, 0, 0, 0, 0, 0, 0, 0, 9, 8, 9, 12, 12, 11, 12, 12, 12, 12);
INSERT INTO `itemequinfo` VALUES (1677722670, 2, 3, '魔法斗篷 Ｓ', '下裙短，利於行動的斗篷。深受旅行的魔導師所喜愛。', '長袍', '無', 'LV7 黑鍊守次精召', '不可', 0, 72, 0, 0, 0, 0, 0, 0, 0, 0, 0, 0, 0, 0, 9, 8, 9, 12, 12, 11, 12, 12, 12, 12);
INSERT INTO `itemequinfo` VALUES (1677727670, 2, 0, '高級長袍', '會魔法的人都渴望擁有的衣服。每一件都是需要特別定做的高級品。', '長袍', '無', 'LV28  黑鍊守次精召', '不可', 0, 72, 0, 0, 0, 0, 0, 0, 0, 0, 0, 0, 0, 0, 14, 13, 14, 20, 20, 19, 20, 20, 20, 20);
INSERT INTO `itemequinfo` VALUES (1677727670, 2, 1, '高級長袍 +I', '會魔法的人都渴望擁有的衣服。每一件都是需要特別定做的高級品。', '長袍', '無', 'LV28  黑鍊守次精召', '不可', 0, 72, 0, 0, 0, 0, 0, 0, 0, 0, 0, 0, 0, 0, 0, 0, 0, 0, 0, 0, 0, 0, 0, 0);
INSERT INTO `itemequinfo` VALUES (1677727670, 2, 2, '高級長袍 +II', '會魔法的人都渴望擁有的衣服。每一件都是需要特別定做的高級品。', '長袍', '無', 'LV28  黑鍊守次精召', '不可', 0, 72, 0, 0, 0, 0, 0, 0, 0, 0, 0, 0, 0, 0, 16, 15, 16, 22, 22, 21, 22, 22, 22, 22);
INSERT INTO `itemequinfo` VALUES (1677727670, 2, 3, '高級長袍 Ｓ', '會魔法的人都渴望擁有的衣服。每一件都是需要特別定做的高級品。', '長袍', '無', 'LV28  黑鍊守次精召', '不可', 0, 72, 0, 0, 0, 0, 0, 0, 0, 0, 0, 0, 0, 0, 16, 15, 16, 22, 22, 21, 22, 22, 22, 22);
INSERT INTO `itemequinfo` VALUES (1677727690, 2, 0, '混沌長袍', '無', '長袍', '無', 'LV56 黑鍊守次精召', '不可', 0, 72, 0, 0, 0, 0, 0, 0, 0, 0, 0, 0, 0, 0, 31, 29, 31, 45, 45, 42, 45, 45, 45, 45);
INSERT INTO `itemequinfo` VALUES (1677727690, 2, 1, '混沌長袍 +I', '無', '長袍', '無', 'LV56 黑鍊守次精召', '不可', 0, 72, 0, 0, 0, 0, 0, 0, 0, 0, 0, 0, 0, 0, 34, 32, 34, 47, 47, 45, 47, 47, 47, 47);
INSERT INTO `itemequinfo` VALUES (1677727690, 2, 2, '混沌長袍 +II', '無', '長袍', '無', 'LV56 黑鍊守次精召', '不可', 0, 72, 0, 0, 0, 0, 0, 0, 0, 0, 0, 0, 0, 0, 36, 34, 36, 50, 50, 48, 50, 50, 50, 50);
INSERT INTO `itemequinfo` VALUES (1677727690, 2, 3, '混沌長袍 Ｓ', '無', '長袍', '無', 'LV56 黑鍊守次精召', '不可', 0, 72, 0, 0, 0, 0, 0, 0, 0, 0, 0, 0, 0, 0, 36, 34, 36, 50, 50, 48, 50, 50, 50, 50);
INSERT INTO `itemequinfo` VALUES (1677727660, 2, 0, '紅袍', '和名稱一樣，是紅色的長袍，很顯眼，遠遠就能看到。', '長袍', '無', 'LV4 守次', '不可', 0, 78, 0, 0, 0, 0, 0, 0, 0, 0, 0, 0, 0, 0, 9, 9, 9, 7, 7, 7, 7, 10, 10, 10);
INSERT INTO `itemequinfo` VALUES (1677727660, 2, 1, '紅袍 +I', '和名稱一樣，是紅色的長袍，很顯眼，遠遠就能看到。', '長袍', '無', 'LV4 守次', '不可', 0, 78, 0, 0, 0, 0, 0, 0, 0, 0, 0, 0, 0, 0, 10, 10, 9, 8, 7, 7, 8, 10, 10, 10);
INSERT INTO `itemequinfo` VALUES (1677727660, 2, 2, '紅袍 +II', '和名稱一樣，是紅色的長袍，很顯眼，遠遠就能看到。', '長袍', '無', 'LV4 守次', '不可', 0, 78, 0, 0, 0, 0, 0, 0, 0, 0, 0, 0, 0, 0, 0, 0, 0, 0, 0, 0, 0, 0, 0, 0);
INSERT INTO `itemequinfo` VALUES (1677727660, 2, 3, '紅袍 Ｓ', '和名稱一樣，是紅色的長袍，很顯眼，遠遠就能看到。', '長袍', '無', 'LV4 守次', '不可', 0, 78, 0, 0, 0, 0, 0, 0, 0, 0, 0, 0, 0, 0, 0, 0, 0, 0, 0, 0, 0, 0, 0, 0);
INSERT INTO `itemequinfo` VALUES (1677722600, 2, 0, '牧師長袍', '侍奉神的人所穿的長裙，也代表服務世人的精神象徵。', '長袍', '無', 'LV11 守次', '不可', 0, 78, 0, 0, 0, 0, 0, 0, 0, 0, 0, 0, 0, 0, 11, 11, 11, 9, 8, 8, 9, 12, 12, 12);
INSERT INTO `itemequinfo` VALUES (1677722600, 2, 1, '牧師長袍 +I', '侍奉神的人所穿的長裙，也代表服務世人的精神象徵。', '長袍', '無', 'LV11 守次', '不可', 0, 78, 0, 0, 0, 0, 0, 0, 0, 0, 0, 0, 0, 0, 12, 12, 11, 10, 9, 9, 10, 12, 12, 12);
INSERT INTO `itemequinfo` VALUES (1677722600, 2, 2, '牧師長袍 +II', '侍奉神的人所穿的長裙，也代表服務世人的精神象徵。', '長袍', '無', 'LV11 守次', '不可', 0, 78, 0, 0, 0, 0, 0, 0, 0, 0, 0, 0, 0, 0, 13, 13, 12, 10, 10, 10, 10, 13, 13, 13);
INSERT INTO `itemequinfo` VALUES (1677722600, 2, 3, '牧師長袍 Ｓ', '侍奉神的人所穿的長裙，也代表服務世人的精神象徵。', '長袍', '無', 'LV11 守次', '不可', 0, 78, 0, 0, 0, 0, 0, 0, 0, 0, 0, 0, 0, 0, 13, 13, 12, 10, 10, 10, 10, 13, 13, 13);
INSERT INTO `itemequinfo` VALUES (1677727680, 2, 0, '導師長袍', '以簡單素材製作，經過魔力強化提高防禦力的長袍。', '長袍', '無', 'LV25 守次', '不可', 0, 78, 0, 0, 0, 0, 0, 0, 0, 0, 0, 0, 0, 0, 17, 17, 16, 13, 13, 13, 13, 18, 18, 18);
INSERT INTO `itemequinfo` VALUES (1677727680, 2, 1, '導師長袍 +I', '以簡單素材製作，經過魔力強化提高防禦力的長袍。', '長袍', '無', 'LV25 守次', '不可', 0, 78, 0, 0, 0, 0, 0, 0, 0, 0, 0, 0, 0, 0, 18, 18, 17, 14, 14, 14, 14, 19, 19, 19);
INSERT INTO `itemequinfo` VALUES (1677727680, 2, 2, '導師長袍 +II', '以簡單素材製作，經過魔力強化提高防禦力的長袍。', '長袍', '無', 'LV25 守次', '不可', 0, 78, 0, 0, 0, 0, 0, 0, 0, 0, 0, 0, 0, 0, 19, 19, 18, 15, 15, 15, 15, 20, 20, 20);
INSERT INTO `itemequinfo` VALUES (1677727680, 2, 3, '導師長袍 Ｓ', '以簡單素材製作，經過魔力強化提高防禦力的長袍。', '長袍', '無', 'LV25 守次', '不可', 0, 78, 0, 0, 0, 0, 0, 0, 0, 0, 0, 0, 0, 0, 19, 19, 18, 15, 15, 15, 15, 20, 20, 20);
INSERT INTO `itemequinfo` VALUES (1677722200, 3, 0, '白色棉襖', '鑽研武道的人所穿的衣服。用的是很強韌的布，不容易扯破。', '輕裝', '無', 'LV10 格幻', '不可', 0, 92, 0, 0, 0, 0, 0, 0, 0, 0, 0, 0, 0, 0, 12, 16, 11, 6, 6, 6, 6, 6, 6, 6);
INSERT INTO `itemequinfo` VALUES (1677722200, 3, 1, '白色棉襖 +I', '鑽研武道的人所穿的衣服。用的是很強韌的布，不容易扯破。', '輕裝', '無', 'LV10 格幻', '不可', 0, 92, 0, 0, 0, 0, 0, 0, 0, 0, 0, 0, 0, 0, 13, 17, 12, 6, 6, 6, 6, 6, 6, 6);
INSERT INTO `itemequinfo` VALUES (1677722200, 3, 2, '白色棉襖 +II', '鑽研武道的人所穿的衣服。用的是很強韌的布，不容易扯破。', '輕裝', '無', 'LV10 格幻', '不可', 0, 92, 0, 0, 0, 0, 0, 0, 0, 0, 0, 0, 0, 0, 13, 17, 13, 7, 7, 7, 7, 7, 7, 7);
INSERT INTO `itemequinfo` VALUES (1677722200, 3, 3, '白色棉襖 Ｓ', '鑽研武道的人所穿的衣服。用的是很強韌的布，不容易扯破。', '輕裝', '無', 'LV10 格幻', '不可', 0, 92, 0, 0, 0, 0, 0, 0, 0, 0, 0, 0, 0, 0, 13, 17, 13, 7, 7, 7, 7, 7, 7, 7);
INSERT INTO `itemequinfo` VALUES (1677722220, 3, 0, '柔術之服', '無', '輕裝', '無', 'LV50 格幻', '不可', 0, 92, 0, 0, 0, 0, 0, 0, 0, 0, 0, 0, 0, 0, 39, 52, 37, 19, 19, 19, 19, 19, 19, 19);
INSERT INTO `itemequinfo` VALUES (1677722220, 3, 1, '柔術之服 +I', '無', '輕裝', '無', 'LV50 格幻', '不可', 0, 92, 0, 0, 0, 0, 0, 0, 0, 0, 0, 0, 0, 0, 41, 55, 40, 21, 21, 21, 21, 21, 21, 21);
INSERT INTO `itemequinfo` VALUES (1677722220, 3, 2, '柔術之服 +II', '無', '輕裝', '無', 'LV50 格幻', '不可', 0, 92, 0, 0, 0, 0, 0, 0, 0, 0, 0, 0, 0, 0, 44, 57, 42, 23, 23, 23, 23, 23, 23, 23);
INSERT INTO `itemequinfo` VALUES (1677722220, 3, 3, '柔術之服 Ｓ', '無', '輕裝', '無', 'LV50 格幻', '不可', 0, 92, 0, 0, 0, 0, 0, 0, 0, 0, 0, 0, 0, 0, 44, 57, 42, 23, 23, 23, 23, 23, 23, 23);
INSERT INTO `itemequinfo` VALUES (1677722650, 3, 0, '精靈之布', '依靠精靈之力來生活的人所製造的布。樣式很漂亮。', '連身服', '無', 'LV3 黑鍊守次精召', '不可', 0, 58, 0, 0, 0, 0, 0, 0, 0, 0, 0, 0, 0, 0, 8, 8, 7, 9, 9, 9, 9, 9, 9, 9);
INSERT INTO `itemequinfo` VALUES (1677722650, 3, 1, '精靈之布 +I', '依靠精靈之力來生活的人所製造的布。樣式很漂亮。', '連身服', '無', 'LV3 黑鍊守次精召', '不可', 0, 58, 0, 0, 0, 0, 0, 0, 0, 0, 0, 0, 0, 0, 9, 9, 8, 10, 10, 10, 10, 10, 10, 10);
INSERT INTO `itemequinfo` VALUES (1677722650, 3, 2, '精靈之布 +II', '依靠精靈之力來生活的人所製造的布。樣式很漂亮。', '連身服', '無', 'LV3 黑鍊守次精召', '不可', 0, 58, 0, 0, 0, 0, 0, 0, 0, 0, 0, 0, 0, 0, 0, 0, 0, 0, 0, 0, 0, 0, 0, 0);
INSERT INTO `itemequinfo` VALUES (1677722650, 3, 3, '精靈之布 Ｓ', '依靠精靈之力來生活的人所製造的布。樣式很漂亮。', '連身服', '無', 'LV3 黑鍊守次精召', '不可', 0, 58, 0, 0, 0, 0, 0, 0, 0, 0, 0, 0, 0, 0, 0, 0, 0, 0, 0, 0, 0, 0, 0, 0);
INSERT INTO `itemequinfo` VALUES (1677727710, 3, 0, '泛靈之布', '灌注著精靈之力的布。因為幾乎沒有覆蓋到身體，所以防禦的效果不佳。', '連身服', '無', 'LV10 黑鍊守次精召', '不可', 0, 58, 0, 0, 0, 0, 0, 0, 0, 0, 0, 0, 0, 0, 10, 10, 9, 11, 11, 11, 11, 11, 11, 11);
INSERT INTO `itemequinfo` VALUES (1677727710, 3, 1, '泛靈之布 +I', '灌注著精靈之力的布。因為幾乎沒有覆蓋到身體，所以防禦的效果不佳。', '連身服', '無', 'LV10 黑鍊守次精召', '不可', 0, 58, 0, 0, 0, 0, 0, 0, 0, 0, 0, 0, 0, 0, 0, 0, 0, 0, 0, 0, 0, 0, 0, 0);
INSERT INTO `itemequinfo` VALUES (1677727710, 3, 2, '泛靈之布 +II', '灌注著精靈之力的布。因為幾乎沒有覆蓋到身體，所以防禦的效果不佳。', '連身服', '無', 'LV10 黑鍊守次精召', '不可', 0, 58, 0, 0, 0, 0, 0, 0, 0, 0, 0, 0, 0, 0, 0, 0, 0, 0, 0, 0, 0, 0, 0, 0);
INSERT INTO `itemequinfo` VALUES (1677727710, 3, 3, '泛靈之布 Ｓ', '灌注著精靈之力的布。因為幾乎沒有覆蓋到身體，所以防禦的效果不佳。', '連身服', '無', 'LV10 黑鍊守次精召', '不可', 0, 58, 0, 0, 0, 0, 0, 0, 0, 0, 0, 0, 0, 0, 0, 0, 0, 0, 0, 0, 0, 0, 0, 0);
INSERT INTO `itemequinfo` VALUES (1677722660, 3, 0, '薩滿之布', '通靈者在儀式中纏在身上的布。上面描繪著咒文，以祈求獲得精靈的力量。', '連身服', '無', 'LV17 黑鍊守次精召', '不可', 0, 58, 0, 0, 0, 0, 0, 0, 0, 0, 0, 0, 0, 0, 12, 12, 11, 14, 14, 13, 14, 14, 14, 14);
INSERT INTO `itemequinfo` VALUES (1677722660, 3, 1, '薩滿之布 +I', '通靈者在儀式中纏在身上的布。上面描繪著咒文，以祈求獲得精靈的力量。', '連身服', '無', 'LV17 黑鍊守次精召', '不可', 0, 58, 0, 0, 0, 0, 0, 0, 0, 0, 0, 0, 0, 0, 0, 0, 0, 0, 0, 0, 0, 0, 0, 0);
INSERT INTO `itemequinfo` VALUES (1677722660, 3, 2, '薩滿之布 +II', '通靈者在儀式中纏在身上的布。上面描繪著咒文，以祈求獲得精靈的力量。', '連身服', '無', 'LV17 黑鍊守次精召', '不可', 0, 58, 0, 0, 0, 0, 0, 0, 0, 0, 0, 0, 0, 0, 0, 0, 0, 0, 0, 0, 0, 0, 0, 0);
INSERT INTO `itemequinfo` VALUES (1677722660, 3, 3, '薩滿之布 Ｓ', '通靈者在儀式中纏在身上的布。上面描繪著咒文，以祈求獲得精靈的力量。', '連身服', '無', 'LV17 黑鍊守次精召', '不可', 0, 58, 0, 0, 0, 0, 0, 0, 0, 0, 0, 0, 0, 0, 0, 0, 0, 0, 0, 0, 0, 0, 0, 0);
INSERT INTO `itemequinfo` VALUES (1677727720, 3, 0, '沿海居民的布', '住在海邊的人所製造的布。相當耐用，不怕被海風吹蝕。', '連身服', '無', 'LV24 黑鍊守次精召', '不可', 0, 58, 0, 0, 0, 0, 0, 0, 0, 0, 0, 0, 0, 0, 15, 15, 13, 17, 17, 16, 17, 17, 17, 17);
INSERT INTO `itemequinfo` VALUES (1677727720, 3, 1, '沿海居民的布 +I', '住在海邊的人所製造的布。相當耐用，不怕被海風吹蝕。', '連身服', '無', 'LV24 黑鍊守次精召', '不可', 0, 58, 0, 0, 0, 0, 0, 0, 0, 0, 0, 0, 0, 0, 0, 0, 0, 0, 0, 0, 0, 0, 0, 0);
INSERT INTO `itemequinfo` VALUES (1677727720, 3, 2, '沿海居民的布 +II', '住在海邊的人所製造的布。相當耐用，不怕被海風吹蝕。', '連身服', '無', 'LV24 黑鍊守次精召', '不可', 0, 58, 0, 0, 0, 0, 0, 0, 0, 0, 0, 0, 0, 0, 0, 0, 0, 0, 0, 0, 0, 0, 0, 0);
INSERT INTO `itemequinfo` VALUES (1677727720, 3, 3, '沿海居民的布 Ｓ', '住在海邊的人所製造的布。相當耐用，不怕被海風吹蝕。', '連身服', '無', 'LV24 黑鍊守次精召', '不可', 0, 58, 0, 0, 0, 0, 0, 0, 0, 0, 0, 0, 0, 0, 0, 0, 0, 0, 0, 0, 0, 0, 0, 0);
INSERT INTO `itemequinfo` VALUES (1677721827, 5, 0, '板金腰鎧', '由金屬板製成的腰鎧。考慮到活動性能，採用了較薄的金屬制作。', '重鎧', '無', 'LV12 戰騎', '不可', 0, 78, 0, 0, 0, 0, 0, 0, 0, 0, 0, 0, 0, 0, 27, 29, 26, 15, 15, 11, 15, 7, 7, 7);
INSERT INTO `itemequinfo` VALUES (1677721837, 5, 0, '騎士腰鎧', '無', '重鎧', '無', 'LV36 戰騎', '不可', 0, 78, 0, 0, 0, 0, 0, 0, 0, 0, 0, 0, 0, 0, 56, 58, 53, 31, 31, 22, 30, 14, 15, 14);
INSERT INTO `itemequinfo` VALUES (1677721837, 5, 1, '騎士腰鎧 +I', '無', '重鎧', '無', 'LV36 戰騎', '不可', 0, 78, 0, 0, 0, 0, 0, 0, 0, 0, 0, 0, 0, 0, 57, 60, 55, 32, 32, 24, 31, 15, 16, 15);
INSERT INTO `itemequinfo` VALUES (1677721837, 5, 2, '騎士腰鎧 +II', '無', '重鎧', '無', 'LV36 戰騎', '不可', 0, 78, 0, 0, 0, 0, 0, 0, 0, 0, 0, 0, 0, 0, 59, 61, 56, 34, 34, 25, 33, 16, 18, 16);
INSERT INTO `itemequinfo` VALUES (1677721837, 5, 3, '騎士腰鎧 Ｓ', '無', '重鎧', '無', 'LV36 戰騎', '不可', 0, 78, 0, 0, 0, 0, 0, 0, 0, 0, 0, 0, 0, 0, 59, 61, 56, 34, 34, 25, 33, 16, 18, 16);
INSERT INTO `itemequinfo` VALUES (1677722107, 5, 0, '輕褲子', '製作很簡單的半身褲。很普通的服裝。', '重裝', '無', 'LV1 格幻盜忍', '不可', 0, 48, 0, 0, 0, 0, 0, 0, 0, 0, 0, 0, 0, 0, 12, 12, 10, 7, 6, 6, 7, 4, 4, 4);
INSERT INTO `itemequinfo` VALUES (1677722107, 5, 1, '輕褲子 +I', '製作很簡單的半身褲。很普通的服裝。', '重裝', '無', 'LV1 格幻盜忍', '不可', 0, 48, 0, 0, 0, 0, 0, 0, 0, 0, 0, 0, 0, 0, 12, 13, 11, 7, 7, 7, 7, 5, 5, 5);
INSERT INTO `itemequinfo` VALUES (1677722107, 5, 2, '輕褲子 +II', '製作很簡單的半身褲。很普通的服裝。', '重裝', '無', 'LV1 格幻盜忍', '不可', 0, 48, 0, 0, 0, 0, 0, 0, 0, 0, 0, 0, 0, 0, 13, 13, 11, 8, 7, 7, 8, 5, 5, 5);
INSERT INTO `itemequinfo` VALUES (1677722107, 5, 3, '輕褲子 Ｓ', '製作很簡單的半身褲。很普通的服裝。', '重裝', '無', 'LV1 格幻盜忍', '不可', 0, 48, 0, 0, 0, 0, 0, 0, 0, 0, 0, 0, 0, 0, 13, 13, 11, 8, 7, 7, 8, 5, 5, 5);
INSERT INTO `itemequinfo` VALUES (1677722117, 5, 0, '彩色褲', '單單穿這件沒什麼特別，但湊齊一套後就會明白用意的服裝。', '重裝', '無', 'LV16 格幻盜忍', '不可', 0, 48, 0, 0, 0, 0, 0, 0, 0, 0, 0, 0, 0, 0, 19, 19, 16, 10, 10, 10, 10, 7, 7, 7);
INSERT INTO `itemequinfo` VALUES (1677722117, 5, 1, '彩色褲 +I', '單單穿這件沒什麼特別，但湊齊一套後就會明白用意的服裝。', '重裝', '無', 'LV16 格幻盜忍', '不可', 0, 48, 0, 0, 0, 0, 0, 0, 0, 0, 0, 0, 0, 0, 19, 20, 17, 11, 10, 10, 11, 8, 8, 8);
INSERT INTO `itemequinfo` VALUES (1677722117, 5, 2, '彩色褲 +II', '單單穿這件沒什麼特別，但湊齊一套後就會明白用意的服裝。', '重裝', '無', 'LV16 格幻盜忍', '不可', 0, 48, 0, 0, 0, 0, 0, 0, 0, 0, 0, 0, 0, 0, 20, 21, 17, 12, 11, 11, 12, 8, 8, 8);
INSERT INTO `itemequinfo` VALUES (1677722117, 5, 3, '彩色褲 Ｓ', '單單穿這件沒什麼特別，但湊齊一套後就會明白用意的服裝。', '重裝', '無', 'LV16 格幻盜忍', '不可', 0, 48, 0, 0, 0, 0, 0, 0, 0, 0, 0, 0, 0, 0, 20, 21, 17, 12, 11, 11, 12, 8, 8, 8);
INSERT INTO `itemequinfo` VALUES (1677722127, 5, 0, '星之腰褲', '無', '重裝', '無', 'LV40 格幻盜忍', '不可', 0, 48, 0, 0, 0, 0, 0, 0, 0, 0, 0, 0, 0, 0, 38, 39, 32, 21, 20, 20, 21, 14, 14, 14);
INSERT INTO `itemequinfo` VALUES (1677722127, 5, 1, '星之腰褲 +I', '無', '重裝', '無', 'LV40 格幻盜忍', '不可', 0, 48, 0, 0, 0, 0, 0, 0, 0, 0, 0, 0, 0, 0, 39, 41, 34, 22, 21, 21, 22, 16, 16, 16);
INSERT INTO `itemequinfo` VALUES (1677722127, 5, 2, '星之腰褲 +II', '無', '重裝', '無', 'LV40 格幻盜忍', '不可', 0, 48, 0, 0, 0, 0, 0, 0, 0, 0, 0, 0, 0, 0, 41, 42, 35, 24, 23, 23, 24, 17, 17, 17);
INSERT INTO `itemequinfo` VALUES (1677722127, 5, 3, '星之腰褲 Ｓ', '無', '重裝', '無', 'LV40 格幻盜忍', '不可', 0, 48, 0, 0, 0, 0, 0, 0, 0, 0, 0, 0, 0, 0, 41, 42, 35, 24, 23, 23, 24, 17, 17, 17);
INSERT INTO `itemequinfo` VALUES (1677722307, 5, 0, '練武之帶', '把結綁好便能提高鬥志的腰帶。另外掛著日常生活也有用的布在身上。', '中裝', '無', 'LV14 格幻', '不可', 0, 38, 0, 0, 0, 3, 0, 0, 0, 0, 0, 0, 0, 0, 10, 16, 11, 6, 6, 6, 6, 6, 6, 6);
INSERT INTO `itemequinfo` VALUES (1677722307, 5, 1, '練武之帶 +I', '把結綁好便能提高鬥志的腰帶。另外掛著日常生活也有用的布在身上。', '中裝', '無', 'LV14 格幻', '不可', 0, 38, 0, 0, 0, 3, 0, 0, 0, 0, 0, 0, 0, 0, 10, 17, 12, 7, 7, 7, 7, 7, 7, 7);
INSERT INTO `itemequinfo` VALUES (1677722307, 5, 2, '練武之帶 +II', '把結綁好便能提高鬥志的腰帶。另外掛著日常生活也有用的布在身上。', '中裝', '無', 'LV14 格幻', '不可', 0, 38, 0, 0, 0, 3, 0, 0, 0, 0, 0, 0, 0, 0, 11, 18, 12, 8, 8, 8, 8, 8, 8, 8);
INSERT INTO `itemequinfo` VALUES (1677722307, 5, 3, '練武之帶 Ｓ', '把結綁好便能提高鬥志的腰帶。另外掛著日常生活也有用的布在身上。', '中裝', '無', 'LV14 格幻', '不可', 0, 38, 0, 0, 0, 3, 0, 0, 0, 0, 0, 0, 0, 0, 11, 18, 12, 8, 8, 8, 8, 8, 8, 8);
INSERT INTO `itemequinfo` VALUES (1677721825, 6, 0, '板金護腕', '由金屬板製成的護腕。由於金屬較薄，因此無法抵禦強烈的攻擊。', '手腕', '無', 'LV12 戰騎', '不可', 0, 50, 0, 0, 0, 0, 0, 0, 0, 0, 0, 0, 0, 0, 27, 29, 26, 15, 15, 11, 15, 7, 7, 7);
INSERT INTO `itemequinfo` VALUES (1677721835, 6, 0, '騎士護腕', '無', '手腕', '無', 'LV36 戰騎', '不可', 0, 50, 0, 0, 0, 0, 0, 0, 0, 0, 0, 0, 0, 0, 56, 58, 53, 31, 31, 22, 30, 14, 15, 14);
INSERT INTO `itemequinfo` VALUES (1677721835, 6, 1, '騎士護腕 +I', '無', '手腕', '無', 'LV36 戰騎', '不可', 0, 50, 0, 0, 0, 0, 0, 0, 0, 0, 0, 0, 0, 0, 57, 60, 55, 32, 32, 24, 31, 15, 16, 15);
INSERT INTO `itemequinfo` VALUES (1677721835, 6, 2, '騎士護腕 +II', '無', '手腕', '無', 'LV36 戰騎', '不可', 0, 50, 0, 0, 0, 0, 0, 0, 0, 0, 0, 0, 0, 0, 59, 61, 56, 34, 34, 25, 33, 16, 18, 16);
INSERT INTO `itemequinfo` VALUES (1677721835, 6, 3, '騎士護腕 Ｓ', '無', '手腕', '無', 'LV36 戰騎', '不可', 0, 50, 0, 0, 0, 0, 0, 0, 0, 0, 0, 0, 0, 0, 59, 61, 56, 34, 34, 25, 33, 16, 18, 16);
INSERT INTO `itemequinfo` VALUES (1677722105, 6, 0, '輕量手套', '很薄的手套，也有保護手的效果。', '手腕', '無', 'LV1 格幻盜忍', '不可', 0, 25, 0, 0, 0, 0, 0, 0, 0, 0, 0, 0, 0, 0, 12, 12, 10, 7, 6, 6, 7, 4, 4, 4);
INSERT INTO `itemequinfo` VALUES (1677722105, 6, 1, '輕量手套 +I', '很薄的手套，也有保護手的效果。', '手腕', '無', 'LV1 格幻盜忍', '不可', 0, 25, 0, 0, 0, 0, 0, 0, 0, 0, 0, 0, 0, 0, 12, 13, 11, 7, 7, 7, 7, 5, 5, 5);
INSERT INTO `itemequinfo` VALUES (1677722105, 6, 2, '輕量手套 +II', '很薄的手套，也有保護手的效果。', '手腕', '無', 'LV1 格幻盜忍', '不可', 0, 25, 0, 0, 0, 0, 0, 0, 0, 0, 0, 0, 0, 0, 13, 13, 11, 8, 7, 7, 8, 5, 5, 5);
INSERT INTO `itemequinfo` VALUES (1677722105, 6, 3, '輕量手套 Ｓ', '很薄的手套，也有保護手的效果。', '手腕', '無', 'LV1 格幻盜忍', '不可', 0, 25, 0, 0, 0, 0, 0, 0, 0, 0, 0, 0, 0, 0, 13, 13, 11, 8, 7, 7, 8, 5, 5, 5);
INSERT INTO `itemequinfo` VALUES (1677722115, 6, 0, '彩色手套', '附著保護拳頭的亮釘的帥氣手套。', '手腕', '無', 'LV16 格幻盜忍', '不可', 0, 25, 0, 0, 0, 0, 0, 0, 0, 0, 0, 0, 0, 0, 19, 19, 16, 10, 10, 10, 10, 7, 7, 7);
INSERT INTO `itemequinfo` VALUES (1677722115, 6, 1, '彩色手套 +I', '附著保護拳頭的亮釘的帥氣手套。', '手腕', '無', 'LV16 格幻盜忍', '不可', 0, 25, 0, 0, 0, 0, 0, 0, 0, 0, 0, 0, 0, 0, 19, 20, 17, 11, 10, 10, 11, 8, 8, 8);
INSERT INTO `itemequinfo` VALUES (1677722115, 6, 2, '彩色手套 +II', '附著保護拳頭的亮釘的帥氣手套。', '手腕', '無', 'LV16 格幻盜忍', '不可', 0, 25, 0, 0, 0, 0, 0, 0, 0, 0, 0, 0, 0, 0, 20, 21, 17, 12, 11, 11, 12, 8, 8, 8);
INSERT INTO `itemequinfo` VALUES (1677722115, 6, 3, '彩色手套 Ｓ', '附著保護拳頭的亮釘的帥氣手套。', '手腕', '無', 'LV16 格幻盜忍', '不可', 0, 25, 0, 0, 0, 0, 0, 0, 0, 0, 0, 0, 0, 0, 20, 21, 17, 12, 11, 11, 12, 8, 8, 8);
INSERT INTO `itemequinfo` VALUES (1677722125, 6, 0, '星之手套', '無', '手腕', '無', 'LV40 格幻盜忍', '不可', 0, 25, 0, 0, 0, 0, 0, 0, 0, 0, 0, 0, 0, 0, 38, 39, 32, 21, 20, 20, 21, 14, 14, 14);
INSERT INTO `itemequinfo` VALUES (1677722125, 6, 1, '星之手套 +I', '無', '手腕', '無', 'LV40 格幻盜忍', '不可', 0, 25, 0, 0, 0, 0, 0, 0, 0, 0, 0, 0, 0, 0, 39, 41, 34, 22, 21, 21, 22, 16, 16, 16);
INSERT INTO `itemequinfo` VALUES (1677722125, 6, 2, '星之手套 +II', '無', '手腕', '無', 'LV40 格幻盜忍', '不可', 0, 25, 0, 0, 0, 0, 0, 0, 0, 0, 0, 0, 0, 0, 41, 42, 35, 24, 23, 23, 24, 17, 17, 17);
INSERT INTO `itemequinfo` VALUES (1677722125, 6, 3, '星之手套 Ｓ', '無', '手腕', '無', 'LV40 格幻盜忍', '不可', 0, 25, 0, 0, 0, 0, 0, 0, 0, 0, 0, 0, 0, 0, 41, 42, 35, 24, 23, 23, 24, 17, 17, 17);
INSERT INTO `itemequinfo` VALUES (1677722205, 6, 0, '腕帶', '套在手上的布製護腕。用於擦汗。', '手腕', '無', 'LV10 格幻', '不可', 0, 15, 0, 0, 0, 0, 0, 0, 0, 0, 0, 0, 0, 0, 12, 16, 11, 6, 6, 6, 6, 6, 6, 6);
INSERT INTO `itemequinfo` VALUES (1677722205, 6, 1, '腕帶 +I', '套在手上的布製護腕。用於擦汗。', '手腕', '無', 'LV10 格幻', '不可', 0, 15, 0, 0, 0, 0, 0, 0, 0, 0, 0, 0, 0, 0, 13, 17, 12, 6, 6, 6, 6, 6, 6, 6);
INSERT INTO `itemequinfo` VALUES (1677722205, 6, 2, '腕帶 +II', '套在手上的布製護腕。用於擦汗。', '手腕', '無', 'LV10 格幻', '不可', 0, 15, 0, 0, 0, 0, 0, 0, 0, 0, 0, 0, 0, 0, 13, 17, 13, 7, 7, 7, 7, 7, 7, 7);
INSERT INTO `itemequinfo` VALUES (1677722205, 6, 3, '腕帶 Ｓ', '套在手上的布製護腕。用於擦汗。', '手腕', '無', 'LV10 格幻', '不可', 0, 15, 0, 0, 0, 0, 0, 0, 0, 0, 0, 0, 0, 0, 13, 17, 13, 7, 7, 7, 7, 7, 7, 7);
INSERT INTO `itemequinfo` VALUES (1677722225, 6, 0, '柔術腕環', '無', '手腕', '無', 'LV50 格幻', '不可', 0, 15, 0, 0, 0, 0, 0, 0, 0, 0, 0, 0, 0, 0, 39, 52, 37, 19, 19, 19, 19, 19, 19, 19);
INSERT INTO `itemequinfo` VALUES (1677722225, 6, 1, '柔術腕環 +I', '無', '手腕', '無', 'LV50 格幻', '不可', 0, 15, 0, 0, 0, 0, 0, 0, 0, 0, 0, 0, 0, 0, 41, 55, 40, 21, 21, 21, 21, 21, 21, 21);
INSERT INTO `itemequinfo` VALUES (1677722225, 6, 2, '柔術腕環 +II', '無', '手腕', '無', 'LV50 格幻', '不可', 0, 15, 0, 0, 0, 0, 0, 0, 0, 0, 0, 0, 0, 0, 44, 57, 42, 23, 23, 23, 23, 23, 23, 23);
INSERT INTO `itemequinfo` VALUES (1677722225, 6, 3, '柔術腕環 Ｓ', '無', '手腕', '無', 'LV50 格幻', '不可', 0, 15, 0, 0, 0, 0, 0, 0, 0, 0, 0, 0, 0, 0, 44, 57, 42, 23, 23, 23, 23, 23, 23, 23);
INSERT INTO `itemequinfo` VALUES (1677722305, 6, 0, '練武腕環', '包住整個手腕的大護腕。對不能拿盾的格鬥士來說，唯一的防具就是自己的手腕。', '手腕', '無', 'LV14 格幻', '不可', 0, 20, 0, 0, 0, 3, 0, 0, 0, 0, 0, 0, 0, 0, 10, 16, 11, 6, 6, 6, 6, 6, 6, 6);
INSERT INTO `itemequinfo` VALUES (1677722305, 6, 1, '練武腕環 +I', '包住整個手腕的大護腕。對不能拿盾的格鬥士來說，唯一的防具就是自己的手腕。', '手腕', '無', 'LV14 格幻', '不可', 0, 20, 0, 0, 0, 3, 0, 0, 0, 0, 0, 0, 0, 0, 10, 17, 12, 7, 7, 7, 7, 7, 7, 7);
INSERT INTO `itemequinfo` VALUES (1677722305, 6, 2, '練武腕環 +II', '包住整個手腕的大護腕。對不能拿盾的格鬥士來說，唯一的防具就是自己的手腕。', '手腕', '無', 'LV14 格幻', '不可', 0, 20, 0, 0, 0, 3, 0, 0, 0, 0, 0, 0, 0, 0, 11, 18, 12, 8, 8, 8, 8, 8, 8, 8);
INSERT INTO `itemequinfo` VALUES (1677722305, 6, 3, '練武腕環 Ｓ', '包住整個手腕的大護腕。對不能拿盾的格鬥士來說，唯一的防具就是自己的手腕。', '手腕', '無', 'LV14 格幻', '不可', 0, 20, 0, 0, 0, 3, 0, 0, 0, 0, 0, 0, 0, 0, 11, 18, 12, 8, 8, 8, 8, 8, 8, 8);
INSERT INTO `itemequinfo` VALUES (1677722655, 6, 0, '精靈護環', '依靠精靈之力來生活的人所製造的布腕環。有著寬大獨特的造型。', '手腕', '無', 'LV3 黑鍊守次精召', '不可', 0, 20, 0, 0, 0, 0, 0, 0, 0, 0, 0, 0, 0, 0, 8, 8, 7, 9, 9, 9, 9, 9, 9, 9);
INSERT INTO `itemequinfo` VALUES (1677722655, 6, 1, '精靈護環 +I', '依靠精靈之力來生活的人所製造的布腕環。有著寬大獨特的造型。', '手腕', '無', 'LV3 黑鍊守次精召', '不可', 0, 20, 0, 0, 0, 0, 0, 0, 0, 0, 0, 0, 0, 0, 0, 0, 0, 0, 0, 0, 0, 0, 0, 0);
INSERT INTO `itemequinfo` VALUES (1677722655, 6, 2, '精靈護環 +II', '依靠精靈之力來生活的人所製造的布腕環。有著寬大獨特的造型。', '手腕', '無', 'LV3 黑鍊守次精召', '不可', 0, 20, 0, 0, 0, 0, 0, 0, 0, 0, 0, 0, 0, 0, 9, 9, 8, 10, 10, 10, 10, 10, 10, 10);
INSERT INTO `itemequinfo` VALUES (1677722655, 6, 3, '精靈護環 Ｓ', '依靠精靈之力來生活的人所製造的布腕環。有著寬大獨特的造型。', '手腕', '無', 'LV3 黑鍊守次精召', '不可', 0, 20, 0, 0, 0, 0, 0, 0, 0, 0, 0, 0, 0, 0, 9, 9, 8, 10, 10, 10, 10, 10, 10, 10);
INSERT INTO `itemequinfo` VALUES (1677727715, 6, 0, '泛靈護環', '灌注著精靈之力的腕環。不止可以用來保護手腕，同時具有咒術效果。', '手腕', '無', 'LV10 黑鍊守次精召', '不可', 0, 20, 0, 0, 0, 0, 0, 0, 0, 0, 0, 0, 0, 0, 10, 10, 9, 11, 11, 11, 11, 11, 11, 11);
INSERT INTO `itemequinfo` VALUES (1677727715, 6, 1, '泛靈護環 +I', '灌注著精靈之力的腕環。不止可以用來保護手腕，同時具有咒術效果。', '手腕', '無', 'LV10 黑鍊守次精召', '不可', 0, 20, 0, 0, 0, 0, 0, 0, 0, 0, 0, 0, 0, 0, 10, 10, 9, 12, 12, 12, 12, 12, 12, 12);
INSERT INTO `itemequinfo` VALUES (1677727715, 6, 2, '泛靈護環 +II', '灌注著精靈之力的腕環。不止可以用來保護手腕，同時具有咒術效果。', '手腕', '無', 'LV10 黑鍊守次精召', '不可', 0, 20, 0, 0, 0, 0, 0, 0, 0, 0, 0, 0, 0, 0, 0, 0, 0, 0, 0, 0, 0, 0, 0, 0);
INSERT INTO `itemequinfo` VALUES (1677727715, 6, 3, '泛靈護環 Ｓ', '灌注著精靈之力的腕環。不止可以用來保護手腕，同時具有咒術效果。', '手腕', '無', 'LV10 黑鍊守次精召', '不可', 0, 20, 0, 0, 0, 0, 0, 0, 0, 0, 0, 0, 0, 0, 0, 0, 0, 0, 0, 0, 0, 0, 0, 0);
INSERT INTO `itemequinfo` VALUES (1677722665, 6, 0, '薩滿護環', '通靈者在儀式中纏在身上的腕環。上面裝飾著小羽毛。', '手腕', '無', 'LV17 黑鍊守次精召', '不可', 0, 20, 0, 0, 0, 0, 0, 0, 0, 0, 0, 0, 0, 0, 12, 12, 11, 14, 14, 13, 14, 14, 14, 14);
INSERT INTO `itemequinfo` VALUES (1677722665, 6, 1, '薩滿護環 +I', '通靈者在儀式中纏在身上的腕環。上面裝飾著小羽毛。', '手腕', '無', 'LV17 黑鍊守次精召', '不可', 0, 20, 0, 0, 0, 0, 0, 0, 0, 0, 0, 0, 0, 0, 0, 0, 0, 0, 0, 0, 0, 0, 0, 0);
INSERT INTO `itemequinfo` VALUES (1677722665, 6, 2, '薩滿護環 +II', '通靈者在儀式中纏在身上的腕環。上面裝飾著小羽毛。', '手腕', '無', 'LV17 黑鍊守次精召', '不可', 0, 20, 0, 0, 0, 0, 0, 0, 0, 0, 0, 0, 0, 0, 0, 0, 0, 0, 0, 0, 0, 0, 0, 0);
INSERT INTO `itemequinfo` VALUES (1677722665, 6, 3, '薩滿護環 Ｓ', '通靈者在儀式中纏在身上的腕環。上面裝飾著小羽毛。', '手腕', '無', 'LV17 黑鍊守次精召', '不可', 0, 20, 0, 0, 0, 0, 0, 0, 0, 0, 0, 0, 0, 0, 0, 0, 0, 0, 0, 0, 0, 0, 0, 0);
INSERT INTO `itemequinfo` VALUES (1677727725, 6, 0, '沿海居民的腕環', '住在海邊的人所製造的腕環。據說具有一定程度的浮力。', '手腕', '無', 'LV24 黑鍊守次精召', '不可', 0, 20, 0, 0, 0, 0, 0, 0, 0, 0, 0, 0, 0, 0, 15, 15, 13, 17, 17, 16, 17, 17, 17, 17);
INSERT INTO `itemequinfo` VALUES (1677727725, 6, 1, '沿海居民的腕環 +I', '住在海邊的人所製造的腕環。據說具有一定程度的浮力。', '手腕', '無', 'LV24 黑鍊守次精召', '不可', 0, 20, 0, 0, 0, 0, 0, 0, 0, 0, 0, 0, 0, 0, 0, 0, 0, 0, 0, 0, 0, 0, 0, 0);
INSERT INTO `itemequinfo` VALUES (1677727725, 6, 2, '沿海居民的腕環 +II', '住在海邊的人所製造的腕環。據說具有一定程度的浮力。', '手腕', '無', 'LV24 黑鍊守次精召', '不可', 0, 20, 0, 0, 0, 0, 0, 0, 0, 0, 0, 0, 0, 0, 0, 0, 0, 0, 0, 0, 0, 0, 0, 0);
INSERT INTO `itemequinfo` VALUES (1677727725, 6, 3, '沿海居民的腕環 Ｓ', '住在海邊的人所製造的腕環。據說具有一定程度的浮力。', '手腕', '無', 'LV24 黑鍊守次精召', '不可', 0, 20, 0, 0, 0, 0, 0, 0, 0, 0, 0, 0, 0, 0, 0, 0, 0, 0, 0, 0, 0, 0, 0, 0);
INSERT INTO `itemequinfo` VALUES (1677721828, 7, 0, '板金靴', '由金屬板製成的靴子。由於金屬較薄，因此無法抵禦強烈的攻擊。', '鞋子', '無', 'LV12 戰騎', '不可', 0, 50, 0, 0, 0, 0, 0, 0, 0, 0, 0, 0, 0, 0, 27, 29, 26, 15, 15, 11, 15, 7, 7, 7);
INSERT INTO `itemequinfo` VALUES (1677721838, 7, 0, '騎士靴', '無', '鞋子', '無', 'LV36 戰騎', '不可', 0, 50, 0, 0, 0, 0, 0, 0, 0, 0, 0, 0, 0, 0, 56, 58, 53, 31, 31, 22, 30, 14, 15, 14);
INSERT INTO `itemequinfo` VALUES (1677721838, 7, 1, '騎士靴 +I', '無', '鞋子', '無', 'LV36 戰騎', '不可', 0, 50, 0, 0, 0, 0, 0, 0, 0, 0, 0, 0, 0, 0, 57, 60, 55, 32, 32, 24, 31, 15, 16, 15);
INSERT INTO `itemequinfo` VALUES (1677721838, 7, 2, '騎士靴 +II', '無', '鞋子', '無', 'LV36 戰騎', '不可', 0, 50, 0, 0, 0, 0, 0, 0, 0, 0, 0, 0, 0, 0, 59, 61, 56, 34, 34, 25, 33, 16, 18, 16);
INSERT INTO `itemequinfo` VALUES (1677721838, 7, 3, '騎士靴 Ｓ', '無', '鞋子', '無', 'LV36 戰騎', '不可', 0, 50, 0, 0, 0, 0, 0, 0, 0, 0, 0, 0, 0, 0, 59, 61, 56, 34, 34, 25, 33, 16, 18, 16);
INSERT INTO `itemequinfo` VALUES (1677722108, 7, 0, '輕量靴', '普通的鞋子，做得很牢固。', '鞋子', '無', 'LV1 格幻盜忍', '不可', 0, 25, 0, 0, 0, 0, 0, 0, 0, 0, 0, 0, 0, 0, 12, 12, 10, 7, 6, 6, 7, 4, 4, 4);
INSERT INTO `itemequinfo` VALUES (1677722108, 7, 1, '輕量靴 +I', '普通的鞋子，做得很牢固。', '鞋子', '無', 'LV1 格幻盜忍', '不可', 0, 25, 0, 0, 0, 0, 0, 0, 0, 0, 0, 0, 0, 0, 12, 13, 11, 7, 7, 7, 7, 5, 5, 5);
INSERT INTO `itemequinfo` VALUES (1677722108, 7, 2, '輕量靴 +II', '普通的鞋子，做得很牢固。', '鞋子', '無', 'LV1 格幻盜忍', '不可', 0, 25, 0, 0, 0, 0, 0, 0, 0, 0, 0, 0, 0, 0, 13, 13, 11, 8, 7, 7, 8, 5, 5, 5);
INSERT INTO `itemequinfo` VALUES (1677722108, 7, 3, '輕量靴 Ｓ', '普通的鞋子，做得很牢固。', '鞋子', '無', 'LV1 格幻盜忍', '不可', 0, 25, 0, 0, 0, 0, 0, 0, 0, 0, 0, 0, 0, 0, 13, 13, 11, 8, 7, 7, 8, 5, 5, 5);
INSERT INTO `itemequinfo` VALUES (1677722118, 7, 0, '彩色靴', '做成紅色的帥氣靴子。', '鞋子', '無', 'LV16 格幻盜忍', '不可', 0, 25, 0, 0, 0, 0, 0, 0, 0, 0, 0, 0, 0, 0, 19, 19, 16, 10, 10, 10, 10, 7, 7, 7);
INSERT INTO `itemequinfo` VALUES (1677722118, 7, 1, '彩色靴 +I', '做成紅色的帥氣靴子。', '鞋子', '無', 'LV16 格幻盜忍', '不可', 0, 25, 0, 0, 0, 0, 0, 0, 0, 0, 0, 0, 0, 0, 19, 20, 17, 11, 10, 10, 11, 8, 8, 8);
INSERT INTO `itemequinfo` VALUES (1677722118, 7, 2, '彩色靴 +II', '做成紅色的帥氣靴子。', '鞋子', '無', 'LV16 格幻盜忍', '不可', 0, 25, 0, 0, 0, 0, 0, 0, 0, 0, 0, 0, 0, 0, 20, 21, 17, 12, 11, 11, 12, 8, 8, 8);
INSERT INTO `itemequinfo` VALUES (1677722118, 7, 3, '彩色靴 Ｓ', '做成紅色的帥氣靴子。', '鞋子', '無', 'LV16 格幻盜忍', '不可', 0, 25, 0, 0, 0, 0, 0, 0, 0, 0, 0, 0, 0, 0, 20, 21, 17, 12, 11, 11, 12, 8, 8, 8);
INSERT INTO `itemequinfo` VALUES (1677722128, 7, 0, '星之靴', '無', '鞋子', '無', 'LV40 格幻盜忍', '不可', 0, 25, 0, 0, 0, 0, 0, 0, 0, 0, 0, 0, 0, 0, 38, 39, 32, 21, 20, 20, 21, 14, 14, 14);
INSERT INTO `itemequinfo` VALUES (1677722128, 7, 1, '星之靴 +I', '無', '鞋子', '無', 'LV40 格幻盜忍', '不可', 0, 25, 0, 0, 0, 0, 0, 0, 0, 0, 0, 0, 0, 0, 39, 41, 34, 22, 21, 21, 22, 16, 16, 16);
INSERT INTO `itemequinfo` VALUES (1677722128, 7, 2, '星之靴 +II', '無', '鞋子', '無', 'LV40 格幻盜忍', '不可', 0, 25, 0, 0, 0, 0, 0, 0, 0, 0, 0, 0, 0, 0, 41, 42, 35, 24, 23, 23, 24, 17, 17, 17);
INSERT INTO `itemequinfo` VALUES (1677722128, 7, 3, '星之靴 Ｓ', '無', '鞋子', '無', 'LV40 格幻盜忍', '不可', 0, 25, 0, 0, 0, 0, 0, 0, 0, 0, 0, 0, 0, 0, 41, 42, 35, 24, 23, 23, 24, 17, 17, 17);
INSERT INTO `itemequinfo` VALUES (1677722208, 7, 0, '腳踝帶', '套在腳上的布製帶。腳踝容易受傷，因此要小心注意。', '鞋子', '無', 'LV10 格幻', '不可', 0, 15, 0, 0, 0, 0, 0, 0, 0, 0, 0, 0, 0, 0, 12, 16, 11, 6, 6, 6, 6, 6, 6, 6);
INSERT INTO `itemequinfo` VALUES (1677722208, 7, 1, '腳踝帶 +I', '套在腳上的布製帶。腳踝容易受傷，因此要小心注意。', '鞋子', '無', 'LV10 格幻', '不可', 0, 15, 0, 0, 0, 0, 0, 0, 0, 0, 0, 0, 0, 0, 13, 17, 12, 6, 6, 6, 6, 6, 6, 6);
INSERT INTO `itemequinfo` VALUES (1677722208, 7, 2, '腳踝帶 +II', '套在腳上的布製帶。腳踝容易受傷，因此要小心注意。', '鞋子', '無', 'LV10 格幻', '不可', 0, 15, 0, 0, 0, 0, 0, 0, 0, 0, 0, 0, 0, 0, 13, 17, 13, 7, 7, 7, 7, 7, 7, 7);
INSERT INTO `itemequinfo` VALUES (1677722208, 7, 3, '腳踝帶 Ｓ', '套在腳上的布製帶。腳踝容易受傷，因此要小心注意。', '鞋子', '無', 'LV10 格幻', '不可', 0, 15, 0, 0, 0, 0, 0, 0, 0, 0, 0, 0, 0, 0, 13, 17, 13, 7, 7, 7, 7, 7, 7, 7);
INSERT INTO `itemequinfo` VALUES (1677722228, 7, 0, '柔術腳絆', '無', '鞋子', '無', 'LV50 格幻', '不可', 0, 15, 0, 0, 0, 0, 0, 0, 0, 0, 0, 0, 0, 0, 39, 52, 37, 19, 19, 19, 19, 19, 19, 19);
INSERT INTO `itemequinfo` VALUES (1677722228, 7, 1, '柔術腳絆 +I', '無', '鞋子', '無', 'LV50 格幻', '不可', 0, 15, 0, 0, 0, 0, 0, 0, 0, 0, 0, 0, 0, 0, 41, 55, 40, 21, 21, 21, 21, 21, 21, 21);
INSERT INTO `itemequinfo` VALUES (1677722228, 7, 2, '柔術腳絆 +II', '無', '鞋子', '無', 'LV50 格幻', '不可', 0, 15, 0, 0, 0, 0, 0, 0, 0, 0, 0, 0, 0, 0, 44, 57, 42, 23, 23, 23, 23, 23, 23, 23);
INSERT INTO `itemequinfo` VALUES (1677722228, 7, 3, '柔術腳絆 Ｓ', '無', '鞋子', '無', 'LV50 格幻', '不可', 0, 15, 0, 0, 0, 0, 0, 0, 0, 0, 0, 0, 0, 0, 44, 57, 42, 23, 23, 23, 23, 23, 23, 23);
INSERT INTO `itemequinfo` VALUES (1677722308, 7, 0, '練武的草履', '腳部自由度對於格鬥士而言是必要的，為此製作了重視移動性的草履。', '鞋子', '無', 'LV14 格幻', '不可', 0, 20, 0, 0, 0, 3, 0, 0, 0, 0, 0, 0, 0, 0, 10, 16, 11, 6, 6, 6, 6, 6, 6, 6);
INSERT INTO `itemequinfo` VALUES (1677722308, 7, 1, '練武的草履 +I', '腳部自由度對於格鬥士而言是必要的，為此製作了重視移動性的草履。', '鞋子', '無', 'LV14 格幻', '不可', 0, 20, 0, 0, 0, 3, 0, 0, 0, 0, 0, 0, 0, 0, 10, 17, 12, 7, 7, 7, 7, 7, 7, 7);
INSERT INTO `itemequinfo` VALUES (1677722308, 7, 2, '練武的草履 +II', '腳部自由度對於格鬥士而言是必要的，為此製作了重視移動性的草履。', '鞋子', '無', 'LV14 格幻', '不可', 0, 20, 0, 0, 0, 3, 0, 0, 0, 0, 0, 0, 0, 0, 11, 18, 12, 8, 8, 8, 8, 8, 8, 8);
INSERT INTO `itemequinfo` VALUES (1677722308, 7, 3, '練武的草履 Ｓ', '腳部自由度對於格鬥士而言是必要的，為此製作了重視移動性的草履。', '鞋子', '無', 'LV14 格幻', '不可', 0, 20, 0, 0, 0, 3, 0, 0, 0, 0, 0, 0, 0, 0, 11, 18, 12, 8, 8, 8, 8, 8, 8, 8);
INSERT INTO `itemequinfo` VALUES (1677727658, 7, 0, '見習的鞋', '見習魔導師愛用的廉價鞋子。不適合於長距離移動。', '鞋子', '無', 'LV1 黑鍊守次精召', '不可', 0, 15, 0, 0, 0, 0, 0, 0, 0, 0, 0, 0, 0, 0, 6, 6, 6, 9, 9, 9, 9, 9, 9, 9);
INSERT INTO `itemequinfo` VALUES (1677727658, 7, 1, '見習的鞋 +I', '見習魔導師愛用的廉價鞋子。不適合於長距離移動。', '鞋子', '無', 'LV1 黑鍊守次精召', '不可', 0, 15, 0, 0, 0, 0, 0, 0, 0, 0, 0, 0, 0, 0, 7, 6, 7, 9, 9, 9, 9, 9, 9, 9);
INSERT INTO `itemequinfo` VALUES (1677727658, 7, 2, '見習的鞋 +II', '見習魔導師愛用的廉價鞋子。不適合於長距離移動。', '鞋子', '無', 'LV1 黑鍊守次精召', '不可', 0, 15, 0, 0, 0, 0, 0, 0, 0, 0, 0, 0, 0, 0, 7, 7, 7, 10, 10, 9, 10, 10, 10, 10);
INSERT INTO `itemequinfo` VALUES (1677727658, 7, 3, '見習的鞋 Ｓ', '見習魔導師愛用的廉價鞋子。不適合於長距離移動。', '鞋子', '無', 'LV1 黑鍊守次精召', '不可', 0, 15, 0, 0, 0, 0, 0, 0, 0, 0, 0, 0, 0, 0, 7, 7, 7, 10, 10, 9, 10, 10, 10, 10);
INSERT INTO `itemequinfo` VALUES (1677722678, 7, 0, '魔法涼鞋', '穿起來很舒服的涼鞋。是長距離旅行的魔導師必歸之物。', '鞋子', '無', 'LV7 黑鍊守次精召', '不可', 0, 15, 0, 0, 0, 0, 0, 0, 0, 0, 0, 0, 0, 0, 7, 7, 7, 11, 11, 10, 11, 11, 11, 11);
INSERT INTO `itemequinfo` VALUES (1677722678, 7, 1, '魔法涼鞋 +I', '穿起來很舒服的涼鞋。是長距離旅行的魔導師必歸之物。', '鞋子', '無', 'LV7 黑鍊守次精召', '不可', 0, 15, 0, 0, 0, 0, 0, 0, 0, 0, 0, 0, 0, 0, 8, 7, 8, 11, 11, 11, 11, 11, 11, 11);
INSERT INTO `itemequinfo` VALUES (1677722678, 7, 2, '魔法涼鞋 +II', '穿起來很舒服的涼鞋。是長距離旅行的魔導師必歸之物。', '鞋子', '無', 'LV7 黑鍊守次精召', '不可', 0, 15, 0, 0, 0, 0, 0, 0, 0, 0, 0, 0, 0, 0, 9, 8, 9, 12, 12, 11, 12, 12, 12, 12);
INSERT INTO `itemequinfo` VALUES (1677722678, 7, 3, '魔法涼鞋 Ｓ', '穿起來很舒服的涼鞋。是長距離旅行的魔導師必歸之物。', '鞋子', '無', 'LV7 黑鍊守次精召', '不可', 0, 15, 0, 0, 0, 0, 0, 0, 0, 0, 0, 0, 0, 0, 9, 8, 9, 12, 12, 11, 12, 12, 12, 12);
INSERT INTO `itemequinfo` VALUES (1677727678, 7, 0, '高級鞋', '會魔法的人都渴望擁有的鞋。適合地位較高的人所穿著的高級品。', '鞋子', '無', 'LV28  黑鍊守次精召', '不可', 0, 15, 0, 0, 0, 0, 0, 0, 0, 0, 0, 0, 0, 0, 14, 13, 14, 20, 20, 19, 20, 20, 20, 20);
INSERT INTO `itemequinfo` VALUES (1677727678, 7, 1, '高級鞋 +I', '會魔法的人都渴望擁有的鞋。適合地位較高的人所穿著的高級品。', '鞋子', '無', 'LV28  黑鍊守次精召', '不可', 0, 15, 0, 0, 0, 0, 0, 0, 0, 0, 0, 0, 0, 0, 15, 14, 15, 21, 21, 20, 21, 21, 21, 21);
INSERT INTO `itemequinfo` VALUES (1677727678, 7, 2, '高級鞋 +II', '會魔法的人都渴望擁有的鞋。適合地位較高的人所穿著的高級品。', '鞋子', '無', 'LV28  黑鍊守次精召', '不可', 0, 15, 0, 0, 0, 0, 0, 0, 0, 0, 0, 0, 0, 0, 16, 15, 16, 22, 22, 21, 22, 22, 22, 22);
INSERT INTO `itemequinfo` VALUES (1677727678, 7, 3, '高級鞋 Ｓ', '會魔法的人都渴望擁有的鞋。適合地位較高的人所穿著的高級品。', '鞋子', '無', 'LV28  黑鍊守次精召', '不可', 0, 15, 0, 0, 0, 0, 0, 0, 0, 0, 0, 0, 0, 0, 16, 15, 16, 22, 22, 21, 22, 22, 22, 22);
INSERT INTO `itemequinfo` VALUES (1677727698, 7, 0, '混沌之鞋', '無', '鞋子', '無', 'LV56 黑鍊守次精召', '不可', 0, 15, 0, 0, 0, 0, 0, 0, 0, 0, 0, 0, 0, 0, 31, 29, 31, 45, 45, 42, 45, 45, 45, 45);
INSERT INTO `itemequinfo` VALUES (1677727698, 7, 1, '混沌之鞋 +I', '無', '鞋子', '無', 'LV56 黑鍊守次精召', '不可', 0, 15, 0, 0, 0, 0, 0, 0, 0, 0, 0, 0, 0, 0, 34, 32, 34, 47, 47, 45, 47, 47, 47, 47);
INSERT INTO `itemequinfo` VALUES (1677727698, 7, 2, '混沌之鞋 +II', '無', '鞋子', '無', 'LV56 黑鍊守次精召', '不可', 0, 15, 0, 0, 0, 0, 0, 0, 0, 0, 0, 0, 0, 0, 36, 34, 36, 50, 50, 48, 50, 50, 50, 50);
INSERT INTO `itemequinfo` VALUES (1677727698, 7, 3, '混沌之鞋 Ｓ', '無', '鞋子', '無', 'LV56 黑鍊守次精召', '不可', 0, 15, 0, 0, 0, 0, 0, 0, 0, 0, 0, 0, 0, 0, 36, 34, 36, 50, 50, 48, 50, 50, 50, 50);
INSERT INTO `itemequinfo` VALUES (1677722658, 7, 0, '精靈涼鞋', '依靠精靈之力來生活的人所製造的布鞋。以鮮紅色的線條為特徵。', '鞋子', '無', 'LV3 黑鍊守次精召', '不可', 0, 20, 0, 0, 0, 0, 0, 0, 0, 0, 0, 0, 0, 0, 8, 8, 7, 9, 9, 9, 9, 9, 9, 9);
INSERT INTO `itemequinfo` VALUES (1677722658, 7, 1, '精靈涼鞋 +I', '依靠精靈之力來生活的人所製造的布鞋。以鮮紅色的線條為特徵。', '鞋子', '無', 'LV3 黑鍊守次精召', '不可', 0, 20, 0, 0, 0, 0, 0, 0, 0, 0, 0, 0, 0, 0, 0, 0, 0, 0, 0, 0, 0, 0, 0, 0);
INSERT INTO `itemequinfo` VALUES (1677722658, 7, 2, '精靈涼鞋 +II', '依靠精靈之力來生活的人所製造的布鞋。以鮮紅色的線條為特徵。', '鞋子', '無', 'LV3 黑鍊守次精召', '不可', 0, 20, 0, 0, 0, 0, 0, 0, 0, 0, 0, 0, 0, 0, 9, 9, 8, 10, 10, 10, 10, 10, 10, 10);
INSERT INTO `itemequinfo` VALUES (1677722658, 7, 3, '精靈涼鞋 Ｓ', '依靠精靈之力來生活的人所製造的布鞋。以鮮紅色的線條為特徵。', '鞋子', '無', 'LV3 黑鍊守次精召', '不可', 0, 20, 0, 0, 0, 0, 0, 0, 0, 0, 0, 0, 0, 0, 9, 9, 8, 10, 10, 10, 10, 10, 10, 10);
INSERT INTO `itemequinfo` VALUES (1677727718, 7, 0, '泛靈涼鞋', '灌注著精靈之力的涼鞋。穿起來觸感很好，有利於腳部的活動。', '鞋子', '無', 'LV10 黑鍊守次精召', '不可', 0, 20, 0, 0, 0, 0, 0, 0, 0, 0, 0, 0, 0, 0, 10, 10, 9, 11, 11, 11, 11, 11, 11, 11);
INSERT INTO `itemequinfo` VALUES (1677727718, 7, 1, '泛靈涼鞋 +I', '灌注著精靈之力的涼鞋。穿起來觸感很好，有利於腳部的活動。', '鞋子', '無', 'LV10 黑鍊守次精召', '不可', 0, 20, 0, 0, 0, 0, 0, 0, 0, 0, 0, 0, 0, 0, 10, 10, 9, 12, 12, 12, 12, 12, 12, 12);
INSERT INTO `itemequinfo` VALUES (1677727718, 7, 2, '泛靈涼鞋 +II', '灌注著精靈之力的涼鞋。穿起來觸感很好，有利於腳部的活動。', '鞋子', '無', 'LV10 黑鍊守次精召', '不可', 0, 20, 0, 0, 0, 0, 0, 0, 0, 0, 0, 0, 0, 0, 0, 0, 0, 0, 0, 0, 0, 0, 0, 0);
INSERT INTO `itemequinfo` VALUES (1677727718, 7, 3, '泛靈涼鞋 Ｓ', '灌注著精靈之力的涼鞋。穿起來觸感很好，有利於腳部的活動。', '鞋子', '無', 'LV10 黑鍊守次精召', '不可', 0, 20, 0, 0, 0, 0, 0, 0, 0, 0, 0, 0, 0, 0, 0, 0, 0, 0, 0, 0, 0, 0, 0, 0);
INSERT INTO `itemequinfo` VALUES (1677722668, 7, 0, '薩滿涼鞋', '通靈者在儀式中纏在身上的涼鞋。通靈者也是舞者，喜歡容易移動的鞋子。', '鞋子', '無', 'LV17 黑鍊守次精召', '不可', 0, 20, 0, 0, 0, 0, 0, 0, 0, 0, 0, 0, 0, 0, 12, 12, 11, 14, 14, 13, 14, 14, 14, 14);
INSERT INTO `itemequinfo` VALUES (1677722668, 7, 1, '薩滿涼鞋 +I', '通靈者在儀式中纏在身上的涼鞋。通靈者也是舞者，喜歡容易移動的鞋子。', '鞋子', '無', 'LV17 黑鍊守次精召', '不可', 0, 20, 0, 0, 0, 0, 0, 0, 0, 0, 0, 0, 0, 0, 0, 0, 0, 0, 0, 0, 0, 0, 0, 0);
INSERT INTO `itemequinfo` VALUES (1677722668, 7, 2, '薩滿涼鞋 +II', '通靈者在儀式中纏在身上的涼鞋。通靈者也是舞者，喜歡容易移動的鞋子。', '鞋子', '無', 'LV17 黑鍊守次精召', '不可', 0, 20, 0, 0, 0, 0, 0, 0, 0, 0, 0, 0, 0, 0, 0, 0, 0, 0, 0, 0, 0, 0, 0, 0);
INSERT INTO `itemequinfo` VALUES (1677722668, 7, 3, '薩滿涼鞋 Ｓ', '通靈者在儀式中纏在身上的涼鞋。通靈者也是舞者，喜歡容易移動的鞋子。', '鞋子', '無', 'LV17 黑鍊守次精召', '不可', 0, 20, 0, 0, 0, 0, 0, 0, 0, 0, 0, 0, 0, 0, 0, 0, 0, 0, 0, 0, 0, 0, 0, 0);
INSERT INTO `itemequinfo` VALUES (1677727728, 7, 0, '沿海居民的涼鞋', '住在海邊的人所製造的涼鞋。它由即使浸入海水中也不會劣化的材料製成。', '鞋子', '無', 'LV24 黑鍊守次精召', '不可', 0, 20, 0, 0, 0, 0, 0, 0, 0, 0, 0, 0, 0, 0, 15, 15, 13, 17, 17, 16, 17, 17, 17, 17);
INSERT INTO `itemequinfo` VALUES (1677727728, 7, 1, '沿海居民的涼鞋 +I', '住在海邊的人所製造的涼鞋。它由即使浸入海水中也不會劣化的材料製成。', '鞋子', '無', 'LV24 黑鍊守次精召', '不可', 0, 20, 0, 0, 0, 0, 0, 0, 0, 0, 0, 0, 0, 0, 0, 0, 0, 0, 0, 0, 0, 0, 0, 0);
INSERT INTO `itemequinfo` VALUES (1677727728, 7, 2, '沿海居民的涼鞋 +II', '住在海邊的人所製造的涼鞋。它由即使浸入海水中也不會劣化的材料製成。', '鞋子', '無', 'LV24 黑鍊守次精召', '不可', 0, 20, 0, 0, 0, 0, 0, 0, 0, 0, 0, 0, 0, 0, 0, 0, 0, 0, 0, 0, 0, 0, 0, 0);
INSERT INTO `itemequinfo` VALUES (1677727728, 7, 3, '沿海居民的涼鞋 Ｓ', '住在海邊的人所製造的涼鞋。它由即使浸入海水中也不會劣化的材料製成。', '鞋子', '無', 'LV24 黑鍊守次精召', '不可', 0, 20, 0, 0, 0, 0, 0, 0, 0, 0, 0, 0, 0, 0, 0, 0, 0, 0, 0, 0, 0, 0, 0, 0);
INSERT INTO `itemequinfo` VALUES (1677727668, 7, 0, '紅鞋', '顧名思義紅色的鞋子。這對鞋不會因為穿著它們而會持續跳舞到死為止什麼的。', '鞋子', '無', 'LV4 守次', '不可', 0, 20, 0, 0, 0, 0, 0, 0, 0, 0, 0, 0, 0, 0, 9, 9, 9, 7, 7, 7, 7, 10, 10, 10);
INSERT INTO `itemequinfo` VALUES (1677727668, 7, 1, '紅鞋 +I', '顧名思義紅色的鞋子。這對鞋不會因為穿著它們而會持續跳舞到死為止什麼的。', '鞋子', '無', 'LV4 守次', '不可', 0, 20, 0, 0, 0, 0, 0, 0, 0, 0, 0, 0, 0, 0, 10, 10, 9, 8, 7, 7, 8, 10, 10, 10);
INSERT INTO `itemequinfo` VALUES (1677727668, 7, 2, '紅鞋 +II', '顧名思義紅色的鞋子。這對鞋不會因為穿著它們而會持續跳舞到死為止什麼的。', '鞋子', '無', 'LV4 守次', '不可', 0, 20, 0, 0, 0, 0, 0, 0, 0, 0, 0, 0, 0, 0, 10, 10, 10, 8, 8, 8, 8, 11, 11, 11);
INSERT INTO `itemequinfo` VALUES (1677727668, 7, 3, '紅鞋 Ｓ', '顧名思義紅色的鞋子。這對鞋不會因為穿著它們而會持續跳舞到死為止什麼的。', '鞋子', '無', 'LV4 守次', '不可', 0, 20, 0, 0, 0, 0, 0, 0, 0, 0, 0, 0, 0, 0, 10, 10, 10, 8, 8, 8, 8, 11, 11, 11);
INSERT INTO `itemequinfo` VALUES (1677722608, 7, 0, '牧師鞋', '描繪著十字架的鞋。表達出按著神的意志前進的感覺。', '鞋子', '無', 'LV11 守次', '不可', 0, 20, 0, 0, 0, 0, 0, 0, 0, 0, 0, 0, 0, 0, 11, 11, 11, 9, 8, 8, 9, 12, 12, 12);
INSERT INTO `itemequinfo` VALUES (1677722608, 7, 1, '牧師鞋 +I', '描繪著十字架的鞋。表達出按著神的意志前進的感覺。', '鞋子', '無', 'LV11 守次', '不可', 0, 20, 0, 0, 0, 0, 0, 0, 0, 0, 0, 0, 0, 0, 11, 11, 11, 9, 8, 8, 9, 12, 12, 12);
INSERT INTO `itemequinfo` VALUES (1677722608, 7, 2, '牧師鞋 +II', '描繪著十字架的鞋。表達出按著神的意志前進的感覺。', '鞋子', '無', 'LV11 守次', '不可', 0, 20, 0, 0, 0, 0, 0, 0, 0, 0, 0, 0, 0, 0, 13, 13, 12, 10, 10, 10, 10, 13, 13, 13);
INSERT INTO `itemequinfo` VALUES (1677722608, 7, 3, '牧師鞋 Ｓ', '描繪著十字架的鞋。表達出按著神的意志前進的感覺。', '鞋子', '無', 'LV11 守次', '不可', 0, 20, 0, 0, 0, 0, 0, 0, 0, 0, 0, 0, 0, 0, 13, 13, 12, 10, 10, 10, 10, 13, 13, 13);
INSERT INTO `itemequinfo` VALUES (1677727688, 7, 0, '導師之鞋', '用最低限度材料製作的有質素的鞋，經過魔力強化、擁有很高防禦力。', '鞋子', '無', 'LV25 守次', '不可', 0, 20, 0, 0, 0, 0, 0, 0, 0, 0, 0, 0, 0, 0, 17, 17, 16, 13, 13, 13, 13, 18, 18, 18);
INSERT INTO `itemequinfo` VALUES (1677727688, 7, 1, '導師之鞋 +I', '用最低限度材料製作的有質素的鞋，經過魔力強化、擁有很高防禦力。', '鞋子', '無', 'LV25 守次', '不可', 0, 20, 0, 0, 0, 0, 0, 0, 0, 0, 0, 0, 0, 0, 18, 18, 17, 14, 14, 14, 14, 19, 19, 19);
INSERT INTO `itemequinfo` VALUES (1677727688, 7, 2, '導師之鞋 +II', '用最低限度材料製作的有質素的鞋，經過魔力強化、擁有很高防禦力。', '鞋子', '無', 'LV25 守次', '不可', 0, 20, 0, 0, 0, 0, 0, 0, 0, 0, 0, 0, 0, 0, 19, 19, 18, 15, 15, 15, 15, 20, 20, 20);
INSERT INTO `itemequinfo` VALUES (1677727688, 7, 3, '導師之鞋 Ｓ', '用最低限度材料製作的有質素的鞋，經過魔力強化、擁有很高防禦力。', '鞋子', '無', 'LV25 守次', '不可', 0, 20, 0, 0, 0, 0, 0, 0, 0, 0, 0, 0, 0, 0, 19, 19, 18, 15, 15, 15, 15, 20, 20, 20);
INSERT INTO `itemequinfo` VALUES (1711472683, 9, 0, '紅光之杖', '與魔法師的魔力相互呼應，法杖散發著數條紅光。魔法師的魔力愈高，發出的光線會愈多。', '法杖', '無', 'LV52 鍊次召', '不可', 0, 22, 56, 61, 20, 20, 20, 20, 20, 20, 20, 20, 20, 20, 0, 0, 0, 0, 0, 0, 0, 0, 0, 0);

-- ----------------------------
-- Table structure for itemfoodinfo
-- ----------------------------
DROP TABLE IF EXISTS `itemfoodinfo`;
CREATE TABLE `itemfoodinfo`  (
  `fdItemID` int(11) NOT NULL,
  `fdItemName` varchar(50) CHARACTER SET big5 COLLATE big5_chinese_ci NOT NULL,
  `fdItemDesc` varchar(50) CHARACTER SET big5 COLLATE big5_chinese_ci NOT NULL,
  `fdItemType` varchar(50) CHARACTER SET big5 COLLATE big5_chinese_ci NOT NULL,
  `fdItemValidDate` varchar(50) CHARACTER SET big5 COLLATE big5_chinese_ci NOT NULL,
  `fdItemUsageLimit` varchar(50) CHARACTER SET big5 COLLATE big5_chinese_ci NOT NULL,
  `fdItemCombinable` varchar(50) CHARACTER SET big5 COLLATE big5_chinese_ci NOT NULL,
  `fdItemAttackEffect1` int(11) NOT NULL,
  `fdItemAttackEffect2` int(11) NOT NULL,
  `fdItemAttackEffect3` int(11) NOT NULL,
  `fdItemAttackEffect4` int(11) NOT NULL,
  `fdItemAttackEffect5` int(11) NOT NULL,
  `fdItemAttackEffect6` int(11) NOT NULL,
  `fdItemAttackEffect7` int(11) NOT NULL,
  `fdItemAttackEffect8` int(11) NOT NULL,
  `fdItemAttackEffect9` int(11) NOT NULL,
  `fdItemAttackEffect10` int(11) NOT NULL,
  `fdItemAttackEffect11` int(11) NOT NULL,
  `fdItemAttackEffect12` int(11) NOT NULL,
  `fdItemAttackEffect13` int(11) NOT NULL,
  `fdItemAttackEffect14` int(11) NOT NULL,
  `fdItemAttackEffect15` int(11) NOT NULL,
  `fdItemDefenceEffect1` int(11) NOT NULL,
  `fdItemDefenceEffect2` int(11) NOT NULL,
  `fdItemDefenceEffect3` int(11) NOT NULL,
  `fdItemDefenceEffect4` int(11) NOT NULL,
  `fdItemDefenceEffect5` int(11) NOT NULL,
  `fdItemDefenceEffect6` int(11) NOT NULL,
  `fdItemDefenceEffect7` int(11) NOT NULL,
  `fdItemDefenceEffect8` int(11) NOT NULL,
  `fdItemDefenceEffect9` int(11) NOT NULL,
  `fdItemDefenceEffect10` int(11) NOT NULL,
  `fdItemDefenceEffect11` int(11) NOT NULL,
  `fdItemDefenceEffect12` int(11) NOT NULL,
  `fdItemDefenceEffect13` int(11) NOT NULL,
  `fdItemDefenceEffect14` int(11) NOT NULL,
  `fdItemDefenceEffect15` int(11) NOT NULL,
  PRIMARY KEY (`fdItemID`) USING BTREE
) ENGINE = InnoDB CHARACTER SET = big5 COLLATE = big5_chinese_ci ROW_FORMAT = Dynamic;

-- ----------------------------
-- Records of itemfoodinfo
-- ----------------------------
INSERT INTO `itemfoodinfo` VALUES (1694499421, '大水果酥餅', '完整的草莓蛋糕，你應該在生日那天吃令人愉快的食物。', '食物', '無', '無', '不可', 0, 0, 0, 0, 0, 0, 0, 0, 0, 0, 0, 0, 0, 0, 0, 0, 0, 0, 0, 0, 0, 0, 0, 0, 5, 15, 0, 0, 0, 5);
INSERT INTO `itemfoodinfo` VALUES (1694499423, '大起司蛋糕', '圓形未切的起司蛋糕，我想吃盡可能多的東西而不必擔心體重。', '食物', '無', '無', '不可', 0, 0, 0, 0, 0, 0, 0, 0, 0, 0, 0, 0, 0, 0, 0, 0, 0, 0, 0, 0, 0, 0, 0, 0, 0, 0, 5, 15, 5, 0);

-- ----------------------------
-- Table structure for mapinfo
-- ----------------------------
DROP TABLE IF EXISTS `mapinfo`;
CREATE TABLE `mapinfo`  (
  `fdMapGlobalID` int(11) NOT NULL AUTO_INCREMENT,
  `fdMapID` varchar(50) CHARACTER SET big5 COLLATE big5_chinese_ci NOT NULL,
  `fdMapName` varchar(50) CHARACTER SET big5 COLLATE big5_chinese_ci NOT NULL,
  `fdMapMusic` varchar(50) CHARACTER SET big5 COLLATE big5_chinese_ci NOT NULL,
  `fdMapWidth` int(11) NOT NULL,
  `fdMapHeight` int(11) NOT NULL,
  `fdMapCRC` varchar(50) CHARACTER SET big5 COLLATE big5_chinese_ci NOT NULL,
  PRIMARY KEY (`fdMapGlobalID`) USING BTREE
) ENGINE = InnoDB AUTO_INCREMENT = 2202 CHARACTER SET = big5 COLLATE = big5_chinese_ci ROW_FORMAT = Dynamic;

-- ----------------------------
-- Records of mapinfo
-- ----------------------------
INSERT INTO `mapinfo` VALUES (100, '001_000_00000', '羅蘭共和國', '86A0848001', 180, 180, '4979');
INSERT INTO `mapinfo` VALUES (102, '001_010_00000', '酒吧', '86A084801A', 25, 28, 'D2E7');
INSERT INTO `mapinfo` VALUES (103, '001_010_00001', '酒吧 地下1樓', '86A084801A', 30, 30, 'D2E7');
INSERT INTO `mapinfo` VALUES (104, '001_007_00003', '武器店', '86A084801A', 15, 15, 'D2E7');
INSERT INTO `mapinfo` VALUES (105, '001_007_00020', '防具店', '86A084801A', 15, 15, 'D2E7');
INSERT INTO `mapinfo` VALUES (106, '001_007_00040', '道具店', '86A084801A', 15, 15, 'D2E7');
INSERT INTO `mapinfo` VALUES (119, '001_004_00000', '銀行', '86A084801C', 25, 25, 'D2E7');
INSERT INTO `mapinfo` VALUES (120, '001_003_00000', '教會 1樓', '86A084801B', 35, 35, 'D2E7');
INSERT INTO `mapinfo` VALUES (121, '001_003_00001', '教會 2樓', '86A084801B', 32, 32, 'D2E7');
INSERT INTO `mapinfo` VALUES (122, '001_003_00002', '教會 3樓', '86A084801B', 15, 15, 'D2E7');
INSERT INTO `mapinfo` VALUES (123, '001_003_00003', '教會 4樓', '86A084801B', 17, 17, 'D2E7');
INSERT INTO `mapinfo` VALUES (200, '002_000_00000', '溫茲聯邦', '86A0848002', 220, 220, '974D');
INSERT INTO `mapinfo` VALUES (201, '002_005_00001', '東醫院', '86A0848002', 35, 35, 'D2E7');
INSERT INTO `mapinfo` VALUES (202, '002_010_00000', '酒吧', '86A084801A', 30, 30, 'D2E7');
INSERT INTO `mapinfo` VALUES (203, '002_010_00001', '酒吧 地下1樓', '86A084801A', 30, 30, 'D2E7');
INSERT INTO `mapinfo` VALUES (204, '002_007_00003', '武器店', '86A084801A', 18, 18, 'D2E7');
INSERT INTO `mapinfo` VALUES (205, '002_007_00020', '防具店', '86A084801A', 18, 18, 'D2E7');
INSERT INTO `mapinfo` VALUES (206, '002_007_00040', '道具店', '86A084801A', 18, 18, 'D2E7');
INSERT INTO `mapinfo` VALUES (207, '002_005_00000', '西醫院', '86A0848002', 35, 35, 'D2E7');
INSERT INTO `mapinfo` VALUES (219, '002_004_00000', '銀行', '86A084801C', 25, 25, 'D2E7');
INSERT INTO `mapinfo` VALUES (220, '002_003_00000', '教會 1樓', '86A084801B', 35, 35, 'D2E7');
INSERT INTO `mapinfo` VALUES (221, '002_003_00001', '教會 2樓', '86A084801B', 32, 32, 'D2E7');
INSERT INTO `mapinfo` VALUES (222, '002_003_00002', '教會 3樓', '86A084801B', 15, 15, 'D2E7');
INSERT INTO `mapinfo` VALUES (223, '002_003_00003', '教會 4樓', '86A084801B', 17, 17, 'D2E7');
INSERT INTO `mapinfo` VALUES (230, '002_001_00000', '元老院', '86A0848008', 50, 50, '3BE1');
INSERT INTO `mapinfo` VALUES (231, '002_001_00001', '元老院 1樓', '86A0848008', 60, 60, '5DB0');
INSERT INTO `mapinfo` VALUES (232, '002_001_00002', '元老院 2樓', '86A0848008', 60, 60, '49F5');
INSERT INTO `mapinfo` VALUES (233, '002_001_00003', '元老院 3樓', '86A0848008', 60, 60, 'D315');
INSERT INTO `mapinfo` VALUES (234, '002_001_00004', '元老院 4樓', '86A0848008', 60, 60, '8366');
INSERT INTO `mapinfo` VALUES (500, '006_000_00000', '鳥貝', '86A0848005', 200, 200, '47FD');
INSERT INTO `mapinfo` VALUES (501, '006_000_00001', '隼之庭', '86A0848005', 110, 110, '5B6D');
INSERT INTO `mapinfo` VALUES (502, '006_000_00002', '鷹之庭', '86A0848005', 110, 110, '8DC4');
INSERT INTO `mapinfo` VALUES (2000, '106_000_00011', '露登奴大森林西北部', '86A084800E', 131, 131, 'E3C8');
INSERT INTO `mapinfo` VALUES (2001, '106_000_00021', '露登奴大森林北部', '86A084800E', 131, 131, '0D55');
INSERT INTO `mapinfo` VALUES (2002, '106_000_00031', '露登奴大森林東北部', '86A084800E', 131, 131, 'F308');
INSERT INTO `mapinfo` VALUES (2003, '106_000_00012', '露登奴大森林西部', '86A084800E', 131, 131, '3614');
INSERT INTO `mapinfo` VALUES (2004, '106_000_00022', '露登奴大森林中部', '86A084800E', 131, 131, '5CCB');
INSERT INTO `mapinfo` VALUES (2005, '106_000_00032', '露登奴大森林東部1', '86A084800E', 131, 131, 'F73F');
INSERT INTO `mapinfo` VALUES (2006, '106_000_00033', '露登奴大森林東南部', '86A084800E', 131, 131, 'CEA7');
INSERT INTO `mapinfo` VALUES (2007, '106_000_00023', '露登奴大森林南部', '86A084800E', 131, 131, '3114');
INSERT INTO `mapinfo` VALUES (2008, '106_000_00042', '露登奴大森林東部2', '86A084800E', 131, 131, '25CA');
INSERT INTO `mapinfo` VALUES (2020, '107_000_00024', '羅那德高原南部', '86A084800E', 131, 131, '8467');
INSERT INTO `mapinfo` VALUES (2021, '107_000_00004', '羅那德高原西南部2', '86A084800E', 131, 131, '9C0B');
INSERT INTO `mapinfo` VALUES (2022, '107_000_00014', '羅那德高原西南部1', '86A084800E', 131, 131, '3C72');
INSERT INTO `mapinfo` VALUES (2023, '107_000_00034', '羅那德高原東南部', '86A084800E', 131, 131, '043B');
INSERT INTO `mapinfo` VALUES (2024, '107_000_00013', '羅那德高原西部', '86A084800E', 131, 131, '4448');
INSERT INTO `mapinfo` VALUES (2025, '107_000_00023', '羅那德高原中部', '86A084800E', 131, 131, '3995');
INSERT INTO `mapinfo` VALUES (2026, '107_000_00022', '羅那德高原北部1', '86A084800E', 131, 131, 'F92A');
INSERT INTO `mapinfo` VALUES (2027, '107_000_00021', '羅那德高原北部2', '86A084800E', 131, 131, '14E5');
INSERT INTO `mapinfo` VALUES (2028, '107_000_00020', '羅那德高原北部3', '86A084800E', 131, 131, 'D143');
INSERT INTO `mapinfo` VALUES (2040, '103_000_00024', '魯瑟德斯山地南部2', '86A084800E', 130, 130, 'AB5F');
INSERT INTO `mapinfo` VALUES (2041, '103_000_00023', '魯瑟德斯山地南部1', '86A084800E', 130, 130, 'C67A');
INSERT INTO `mapinfo` VALUES (2042, '103_000_00033', '魯瑟德斯山地東南部', '86A084800E', 130, 130, 'B81F');
INSERT INTO `mapinfo` VALUES (2043, '103_000_00022', '魯瑟德斯山地中部', '86A084800E', 130, 130, 'B263');
INSERT INTO `mapinfo` VALUES (2044, '103_000_00032', '魯瑟德斯山地東部', '86A084800E', 130, 130, '735C');
INSERT INTO `mapinfo` VALUES (2045, '103_000_00031', '魯瑟德斯山地東北部1', '86A084800E', 130, 130, '22A2');
INSERT INTO `mapinfo` VALUES (2046, '103_000_00021', '魯瑟德斯山地北部1', '86A084800E', 130, 130, '5ADE');
INSERT INTO `mapinfo` VALUES (2047, '103_000_00030', '魯瑟德斯山地東北部2', '86A084800E', 130, 130, 'F103');
INSERT INTO `mapinfo` VALUES (2048, '103_000_00020', '魯瑟德斯山地北部2', '86A084800E', 130, 130, 'B511');
INSERT INTO `mapinfo` VALUES (2049, '103_003_00010', '烏魯多鍾乳石洞', '86A084800E', 45, 65, 'D3D9');
INSERT INTO `mapinfo` VALUES (2060, '102_000_00033', '布魯幕平原東南部2', '86A084800D', 129, 180, '1ABA');
INSERT INTO `mapinfo` VALUES (2061, '102_000_00032', '布魯幕平原東南部1', '86A084800D', 130, 130, '8478');
INSERT INTO `mapinfo` VALUES (2081, '104_000_00023', '丘里陸半島南部1', '86A084800E', 130, 130, '3AC4');
INSERT INTO `mapinfo` VALUES (2085, '104_000_00022', '丘里陸半島中部', '86A084800E', 130, 130, '09C1');
INSERT INTO `mapinfo` VALUES (2201, '108_000_00023', '魯坎平原西南部1', '86A084800E', 132, 132, 'AFEA');

-- ----------------------------
-- Table structure for mapteleport
-- ----------------------------
DROP TABLE IF EXISTS `mapteleport`;
CREATE TABLE `mapteleport`  (
  `fdMapGlobalID` int(11) NOT NULL,
  `fdMapX` int(11) NOT NULL,
  `fdMapY` int(11) NOT NULL,
  `fdMapTeleportID` int(11) NOT NULL,
  `fdMapInitX` int(11) NOT NULL,
  `fdMapInitY` int(11) NOT NULL
) ENGINE = InnoDB CHARACTER SET = big5 COLLATE = big5_chinese_ci ROW_FORMAT = Dynamic;

-- ----------------------------
-- Records of mapteleport
-- ----------------------------
INSERT INTO `mapteleport` VALUES (100, 85, 22, 2060, 60, 145);
INSERT INTO `mapteleport` VALUES (100, 86, 22, 2060, 61, 145);
INSERT INTO `mapteleport` VALUES (100, 87, 22, 2060, 62, 145);
INSERT INTO `mapteleport` VALUES (100, 88, 22, 2060, 63, 145);
INSERT INTO `mapteleport` VALUES (100, 89, 22, 2060, 64, 145);
INSERT INTO `mapteleport` VALUES (200, 184, 105, 2000, 27, 61);
INSERT INTO `mapteleport` VALUES (200, 184, 106, 2000, 27, 62);
INSERT INTO `mapteleport` VALUES (200, 184, 107, 2000, 27, 63);
INSERT INTO `mapteleport` VALUES (200, 184, 108, 2000, 27, 64);
INSERT INTO `mapteleport` VALUES (200, 184, 109, 2000, 27, 65);
INSERT INTO `mapteleport` VALUES (2000, 26, 61, 200, 183, 105);
INSERT INTO `mapteleport` VALUES (2000, 26, 62, 200, 183, 106);
INSERT INTO `mapteleport` VALUES (2000, 26, 63, 200, 183, 107);
INSERT INTO `mapteleport` VALUES (2000, 26, 64, 200, 183, 108);
INSERT INTO `mapteleport` VALUES (2000, 26, 65, 200, 183, 109);
INSERT INTO `mapteleport` VALUES (2000, 59, 115, 2003, 59, 17);
INSERT INTO `mapteleport` VALUES (2000, 60, 115, 2003, 60, 17);
INSERT INTO `mapteleport` VALUES (2000, 61, 115, 2003, 61, 17);
INSERT INTO `mapteleport` VALUES (2000, 62, 115, 2003, 62, 17);
INSERT INTO `mapteleport` VALUES (2000, 63, 115, 2003, 63, 17);
INSERT INTO `mapteleport` VALUES (2000, 64, 115, 2003, 64, 17);
INSERT INTO `mapteleport` VALUES (2000, 65, 115, 2003, 65, 17);
INSERT INTO `mapteleport` VALUES (2000, 66, 115, 2003, 66, 17);
INSERT INTO `mapteleport` VALUES (2000, 115, 65, 2001, 17, 65);
INSERT INTO `mapteleport` VALUES (2000, 115, 66, 2001, 17, 66);
INSERT INTO `mapteleport` VALUES (2000, 115, 67, 2001, 17, 67);
INSERT INTO `mapteleport` VALUES (2000, 115, 68, 2001, 17, 68);
INSERT INTO `mapteleport` VALUES (2000, 115, 69, 2001, 17, 69);
INSERT INTO `mapteleport` VALUES (2001, 16, 65, 2000, 114, 65);
INSERT INTO `mapteleport` VALUES (2001, 16, 66, 2000, 114, 66);
INSERT INTO `mapteleport` VALUES (2001, 16, 67, 2000, 114, 67);
INSERT INTO `mapteleport` VALUES (2001, 16, 68, 2000, 114, 68);
INSERT INTO `mapteleport` VALUES (2001, 16, 69, 2000, 114, 69);
INSERT INTO `mapteleport` VALUES (2001, 115, 95, 2002, 16, 95);
INSERT INTO `mapteleport` VALUES (2001, 115, 96, 2002, 16, 96);
INSERT INTO `mapteleport` VALUES (2001, 115, 97, 2002, 16, 97);
INSERT INTO `mapteleport` VALUES (2001, 115, 98, 2002, 16, 98);
INSERT INTO `mapteleport` VALUES (2001, 115, 99, 2002, 16, 99);
INSERT INTO `mapteleport` VALUES (2001, 115, 100, 2002, 16, 100);
INSERT INTO `mapteleport` VALUES (2002, 15, 95, 2001, 114, 95);
INSERT INTO `mapteleport` VALUES (2002, 15, 96, 2001, 114, 96);
INSERT INTO `mapteleport` VALUES (2002, 15, 97, 2001, 114, 97);
INSERT INTO `mapteleport` VALUES (2002, 15, 98, 2001, 114, 98);
INSERT INTO `mapteleport` VALUES (2002, 15, 99, 2001, 114, 99);
INSERT INTO `mapteleport` VALUES (2002, 15, 100, 2001, 114, 100);
INSERT INTO `mapteleport` VALUES (2003, 59, 16, 2000, 59, 114);
INSERT INTO `mapteleport` VALUES (2003, 60, 16, 2000, 60, 114);
INSERT INTO `mapteleport` VALUES (2003, 61, 16, 2000, 61, 114);
INSERT INTO `mapteleport` VALUES (2003, 62, 16, 2000, 62, 114);
INSERT INTO `mapteleport` VALUES (2003, 63, 16, 2000, 63, 114);
INSERT INTO `mapteleport` VALUES (2003, 64, 16, 2000, 64, 114);
INSERT INTO `mapteleport` VALUES (2003, 65, 16, 2000, 65, 114);
INSERT INTO `mapteleport` VALUES (2003, 66, 16, 2000, 66, 114);
INSERT INTO `mapteleport` VALUES (2003, 115, 98, 2004, 14, 94);
INSERT INTO `mapteleport` VALUES (2003, 115, 99, 2004, 14, 95);
INSERT INTO `mapteleport` VALUES (2003, 115, 100, 2004, 14, 96);
INSERT INTO `mapteleport` VALUES (2003, 115, 101, 2004, 14, 97);
INSERT INTO `mapteleport` VALUES (2003, 115, 102, 2004, 14, 98);
INSERT INTO `mapteleport` VALUES (2004, 13, 94, 2003, 114, 98);
INSERT INTO `mapteleport` VALUES (2004, 13, 95, 2003, 114, 99);
INSERT INTO `mapteleport` VALUES (2004, 13, 96, 2003, 114, 100);
INSERT INTO `mapteleport` VALUES (2004, 13, 97, 2003, 114, 101);
INSERT INTO `mapteleport` VALUES (2004, 13, 98, 2003, 114, 102);
INSERT INTO `mapteleport` VALUES (2004, 114, 47, 2005, 15, 47);
INSERT INTO `mapteleport` VALUES (2004, 114, 48, 2005, 15, 48);
INSERT INTO `mapteleport` VALUES (2004, 114, 49, 2005, 15, 49);
INSERT INTO `mapteleport` VALUES (2004, 114, 50, 2005, 15, 50);
INSERT INTO `mapteleport` VALUES (2004, 114, 51, 2005, 15, 51);
INSERT INTO `mapteleport` VALUES (2004, 114, 52, 2005, 15, 52);
INSERT INTO `mapteleport` VALUES (2004, 114, 53, 2005, 15, 53);
INSERT INTO `mapteleport` VALUES (2005, 14, 47, 2004, 113, 47);
INSERT INTO `mapteleport` VALUES (2005, 14, 48, 2004, 113, 48);
INSERT INTO `mapteleport` VALUES (2005, 14, 49, 2004, 113, 49);
INSERT INTO `mapteleport` VALUES (2005, 14, 50, 2004, 113, 50);
INSERT INTO `mapteleport` VALUES (2005, 14, 51, 2004, 113, 51);
INSERT INTO `mapteleport` VALUES (2005, 14, 52, 2004, 113, 52);
INSERT INTO `mapteleport` VALUES (2005, 14, 53, 2004, 113, 53);
INSERT INTO `mapteleport` VALUES (2005, 78, 116, 2006, 78, 17);
INSERT INTO `mapteleport` VALUES (2005, 79, 116, 2006, 79, 17);
INSERT INTO `mapteleport` VALUES (2005, 80, 116, 2006, 80, 17);
INSERT INTO `mapteleport` VALUES (2005, 81, 116, 2006, 81, 17);
INSERT INTO `mapteleport` VALUES (2005, 82, 116, 2006, 82, 17);
INSERT INTO `mapteleport` VALUES (2005, 83, 116, 2006, 83, 17);
INSERT INTO `mapteleport` VALUES (2005, 84, 116, 2006, 84, 17);
INSERT INTO `mapteleport` VALUES (2005, 114, 47, 2008, 15, 47);
INSERT INTO `mapteleport` VALUES (2005, 114, 48, 2008, 15, 48);
INSERT INTO `mapteleport` VALUES (2005, 114, 49, 2008, 15, 49);
INSERT INTO `mapteleport` VALUES (2005, 114, 50, 2008, 15, 50);
INSERT INTO `mapteleport` VALUES (2005, 114, 51, 2008, 15, 51);
INSERT INTO `mapteleport` VALUES (2005, 114, 52, 2008, 15, 52);
INSERT INTO `mapteleport` VALUES (2005, 114, 53, 2008, 15, 53);
INSERT INTO `mapteleport` VALUES (2006, 78, 16, 2005, 78, 115);
INSERT INTO `mapteleport` VALUES (2006, 79, 16, 2005, 79, 115);
INSERT INTO `mapteleport` VALUES (2006, 80, 16, 2005, 80, 115);
INSERT INTO `mapteleport` VALUES (2006, 81, 16, 2005, 81, 115);
INSERT INTO `mapteleport` VALUES (2006, 82, 16, 2005, 82, 115);
INSERT INTO `mapteleport` VALUES (2006, 83, 16, 2005, 83, 115);
INSERT INTO `mapteleport` VALUES (2006, 84, 16, 2005, 84, 115);
INSERT INTO `mapteleport` VALUES (2006, 13, 89, 2007, 113, 95);
INSERT INTO `mapteleport` VALUES (2006, 13, 90, 2007, 113, 96);
INSERT INTO `mapteleport` VALUES (2006, 13, 91, 2007, 113, 97);
INSERT INTO `mapteleport` VALUES (2006, 13, 92, 2007, 113, 98);
INSERT INTO `mapteleport` VALUES (2006, 13, 93, 2007, 113, 99);
INSERT INTO `mapteleport` VALUES (2006, 13, 94, 2007, 113, 100);
INSERT INTO `mapteleport` VALUES (2006, 13, 95, 2007, 113, 101);
INSERT INTO `mapteleport` VALUES (2007, 114, 95, 2006, 14, 89);
INSERT INTO `mapteleport` VALUES (2007, 114, 96, 2006, 14, 90);
INSERT INTO `mapteleport` VALUES (2007, 114, 97, 2006, 14, 91);
INSERT INTO `mapteleport` VALUES (2007, 114, 98, 2006, 14, 92);
INSERT INTO `mapteleport` VALUES (2007, 114, 99, 2006, 14, 93);
INSERT INTO `mapteleport` VALUES (2007, 114, 100, 2006, 14, 94);
INSERT INTO `mapteleport` VALUES (2007, 114, 101, 2006, 14, 95);
INSERT INTO `mapteleport` VALUES (2008, 14, 47, 2005, 113, 47);
INSERT INTO `mapteleport` VALUES (2008, 14, 48, 2005, 113, 48);
INSERT INTO `mapteleport` VALUES (2008, 14, 49, 2005, 113, 49);
INSERT INTO `mapteleport` VALUES (2008, 14, 50, 2005, 113, 50);
INSERT INTO `mapteleport` VALUES (2008, 14, 51, 2005, 113, 51);
INSERT INTO `mapteleport` VALUES (2008, 14, 52, 2005, 113, 52);
INSERT INTO `mapteleport` VALUES (2008, 14, 53, 2005, 113, 53);
INSERT INTO `mapteleport` VALUES (2008, 115, 48, 2028, 16, 61);
INSERT INTO `mapteleport` VALUES (2008, 115, 49, 2028, 16, 62);
INSERT INTO `mapteleport` VALUES (2008, 115, 50, 2028, 16, 63);
INSERT INTO `mapteleport` VALUES (2008, 115, 51, 2028, 16, 64);
INSERT INTO `mapteleport` VALUES (2008, 115, 52, 2028, 16, 65);
INSERT INTO `mapteleport` VALUES (2008, 115, 53, 2028, 16, 66);
INSERT INTO `mapteleport` VALUES (2020, 17, 97, 2022, 115, 97);
INSERT INTO `mapteleport` VALUES (2020, 17, 98, 2022, 115, 98);
INSERT INTO `mapteleport` VALUES (2020, 17, 99, 2022, 115, 99);
INSERT INTO `mapteleport` VALUES (2020, 17, 100, 2022, 115, 100);
INSERT INTO `mapteleport` VALUES (2020, 17, 101, 2022, 115, 101);
INSERT INTO `mapteleport` VALUES (2020, 17, 102, 2022, 115, 102);
INSERT INTO `mapteleport` VALUES (2020, 22, 15, 2025, 22, 114);
INSERT INTO `mapteleport` VALUES (2020, 23, 15, 2025, 23, 114);
INSERT INTO `mapteleport` VALUES (2020, 24, 15, 2025, 24, 114);
INSERT INTO `mapteleport` VALUES (2020, 25, 15, 2025, 25, 114);
INSERT INTO `mapteleport` VALUES (2020, 26, 15, 2025, 26, 114);
INSERT INTO `mapteleport` VALUES (2020, 41, 17, 2025, 41, 116);
INSERT INTO `mapteleport` VALUES (2020, 42, 17, 2025, 42, 116);
INSERT INTO `mapteleport` VALUES (2020, 43, 17, 2025, 43, 116);
INSERT INTO `mapteleport` VALUES (2020, 44, 17, 2025, 44, 116);
INSERT INTO `mapteleport` VALUES (2020, 95, 16, 2025, 95, 114);
INSERT INTO `mapteleport` VALUES (2020, 96, 16, 2025, 96, 114);
INSERT INTO `mapteleport` VALUES (2020, 97, 16, 2025, 97, 114);
INSERT INTO `mapteleport` VALUES (2020, 116, 89, 2023, 18, 89);
INSERT INTO `mapteleport` VALUES (2020, 116, 90, 2023, 18, 90);
INSERT INTO `mapteleport` VALUES (2020, 116, 91, 2023, 18, 91);
INSERT INTO `mapteleport` VALUES (2020, 16, 75, 2022, 113, 75);
INSERT INTO `mapteleport` VALUES (2020, 16, 76, 2022, 113, 76);
INSERT INTO `mapteleport` VALUES (2020, 16, 77, 2022, 113, 77);
INSERT INTO `mapteleport` VALUES (2020, 16, 78, 2022, 113, 78);
INSERT INTO `mapteleport` VALUES (2020, 16, 79, 2022, 113, 79);
INSERT INTO `mapteleport` VALUES (2020, 16, 80, 2022, 113, 80);
INSERT INTO `mapteleport` VALUES (2020, 67, 89, 2049, 23, 16);
INSERT INTO `mapteleport` VALUES (2021, 115, 91, 2022, 19, 91);
INSERT INTO `mapteleport` VALUES (2021, 115, 92, 2022, 19, 92);
INSERT INTO `mapteleport` VALUES (2021, 115, 93, 2022, 19, 93);
INSERT INTO `mapteleport` VALUES (2021, 115, 94, 2022, 19, 94);
INSERT INTO `mapteleport` VALUES (2022, 116, 97, 2020, 18, 97);
INSERT INTO `mapteleport` VALUES (2022, 116, 98, 2020, 18, 98);
INSERT INTO `mapteleport` VALUES (2022, 116, 99, 2020, 18, 99);
INSERT INTO `mapteleport` VALUES (2022, 116, 100, 2020, 18, 100);
INSERT INTO `mapteleport` VALUES (2022, 116, 101, 2020, 18, 101);
INSERT INTO `mapteleport` VALUES (2022, 116, 102, 2020, 18, 102);
INSERT INTO `mapteleport` VALUES (2022, 114, 75, 2020, 17, 75);
INSERT INTO `mapteleport` VALUES (2022, 114, 76, 2020, 17, 76);
INSERT INTO `mapteleport` VALUES (2022, 114, 77, 2020, 17, 77);
INSERT INTO `mapteleport` VALUES (2022, 114, 78, 2020, 17, 78);
INSERT INTO `mapteleport` VALUES (2022, 114, 79, 2020, 17, 79);
INSERT INTO `mapteleport` VALUES (2022, 114, 80, 2020, 17, 80);
INSERT INTO `mapteleport` VALUES (2022, 18, 91, 2021, 114, 91);
INSERT INTO `mapteleport` VALUES (2022, 18, 92, 2021, 114, 92);
INSERT INTO `mapteleport` VALUES (2022, 18, 93, 2021, 114, 93);
INSERT INTO `mapteleport` VALUES (2022, 18, 94, 2021, 114, 94);
INSERT INTO `mapteleport` VALUES (2023, 17, 89, 2020, 115, 89);
INSERT INTO `mapteleport` VALUES (2023, 17, 90, 2020, 115, 90);
INSERT INTO `mapteleport` VALUES (2023, 17, 91, 2020, 115, 91);
INSERT INTO `mapteleport` VALUES (2024, 115, 39, 2025, 18, 41);
INSERT INTO `mapteleport` VALUES (2024, 114, 40, 2025, 17, 42);
INSERT INTO `mapteleport` VALUES (2024, 113, 41, 2025, 16, 43);
INSERT INTO `mapteleport` VALUES (2025, 98, 15, 2026, 98, 109);
INSERT INTO `mapteleport` VALUES (2025, 99, 15, 2026, 99, 109);
INSERT INTO `mapteleport` VALUES (2025, 100, 15, 2026, 100, 109);
INSERT INTO `mapteleport` VALUES (2025, 41, 117, 2020, 41, 18);
INSERT INTO `mapteleport` VALUES (2025, 42, 117, 2020, 42, 18);
INSERT INTO `mapteleport` VALUES (2025, 43, 117, 2020, 43, 18);
INSERT INTO `mapteleport` VALUES (2025, 44, 117, 2020, 44, 18);
INSERT INTO `mapteleport` VALUES (2025, 59, 16, 2026, 59, 111);
INSERT INTO `mapteleport` VALUES (2025, 60, 16, 2026, 60, 111);
INSERT INTO `mapteleport` VALUES (2025, 61, 16, 2026, 61, 111);
INSERT INTO `mapteleport` VALUES (2025, 62, 16, 2026, 62, 111);
INSERT INTO `mapteleport` VALUES (2025, 66, 15, 2026, 66, 110);
INSERT INTO `mapteleport` VALUES (2025, 67, 15, 2026, 67, 110);
INSERT INTO `mapteleport` VALUES (2025, 68, 15, 2026, 68, 110);
INSERT INTO `mapteleport` VALUES (2025, 69, 15, 2026, 69, 110);
INSERT INTO `mapteleport` VALUES (2025, 70, 15, 2026, 70, 110);
INSERT INTO `mapteleport` VALUES (2025, 17, 40, 2024, 114, 38);
INSERT INTO `mapteleport` VALUES (2025, 16, 41, 2024, 113, 39);
INSERT INTO `mapteleport` VALUES (2025, 15, 42, 2024, 112, 40);
INSERT INTO `mapteleport` VALUES (2025, 22, 115, 2020, 22, 16);
INSERT INTO `mapteleport` VALUES (2025, 23, 115, 2020, 23, 16);
INSERT INTO `mapteleport` VALUES (2025, 24, 115, 2020, 24, 16);
INSERT INTO `mapteleport` VALUES (2025, 25, 115, 2020, 25, 16);
INSERT INTO `mapteleport` VALUES (2025, 26, 115, 2020, 26, 16);
INSERT INTO `mapteleport` VALUES (2025, 95, 115, 2020, 95, 17);
INSERT INTO `mapteleport` VALUES (2025, 96, 115, 2020, 96, 17);
INSERT INTO `mapteleport` VALUES (2025, 97, 115, 2020, 97, 17);
INSERT INTO `mapteleport` VALUES (2026, 98, 110, 2025, 98, 16);
INSERT INTO `mapteleport` VALUES (2026, 99, 110, 2025, 99, 16);
INSERT INTO `mapteleport` VALUES (2026, 100, 110, 2025, 100, 16);
INSERT INTO `mapteleport` VALUES (2026, 59, 112, 2025, 59, 17);
INSERT INTO `mapteleport` VALUES (2026, 60, 112, 2025, 60, 17);
INSERT INTO `mapteleport` VALUES (2026, 61, 112, 2025, 61, 17);
INSERT INTO `mapteleport` VALUES (2026, 62, 112, 2025, 62, 17);
INSERT INTO `mapteleport` VALUES (2026, 54, 13, 2027, 54, 113);
INSERT INTO `mapteleport` VALUES (2026, 55, 13, 2027, 55, 113);
INSERT INTO `mapteleport` VALUES (2026, 56, 13, 2027, 56, 113);
INSERT INTO `mapteleport` VALUES (2026, 57, 13, 2027, 57, 113);
INSERT INTO `mapteleport` VALUES (2026, 58, 13, 2027, 58, 113);
INSERT INTO `mapteleport` VALUES (2026, 66, 111, 2025, 66, 16);
INSERT INTO `mapteleport` VALUES (2026, 67, 111, 2025, 67, 16);
INSERT INTO `mapteleport` VALUES (2026, 68, 111, 2025, 68, 16);
INSERT INTO `mapteleport` VALUES (2026, 69, 111, 2025, 69, 16);
INSERT INTO `mapteleport` VALUES (2026, 70, 111, 2025, 70, 16);
INSERT INTO `mapteleport` VALUES (2027, 54, 114, 2026, 54, 14);
INSERT INTO `mapteleport` VALUES (2027, 55, 114, 2026, 55, 14);
INSERT INTO `mapteleport` VALUES (2027, 56, 114, 2026, 56, 14);
INSERT INTO `mapteleport` VALUES (2027, 57, 114, 2026, 57, 14);
INSERT INTO `mapteleport` VALUES (2027, 58, 114, 2026, 58, 14);
INSERT INTO `mapteleport` VALUES (2027, 69, 14, 2028, 69, 114);
INSERT INTO `mapteleport` VALUES (2027, 70, 14, 2028, 70, 114);
INSERT INTO `mapteleport` VALUES (2027, 71, 14, 2028, 71, 114);
INSERT INTO `mapteleport` VALUES (2027, 72, 14, 2028, 72, 114);
INSERT INTO `mapteleport` VALUES (2027, 73, 14, 2028, 73, 114);
INSERT INTO `mapteleport` VALUES (2028, 15, 61, 2008, 114, 48);
INSERT INTO `mapteleport` VALUES (2028, 15, 62, 2008, 114, 49);
INSERT INTO `mapteleport` VALUES (2028, 15, 63, 2008, 114, 50);
INSERT INTO `mapteleport` VALUES (2028, 15, 64, 2008, 114, 51);
INSERT INTO `mapteleport` VALUES (2028, 15, 65, 2008, 114, 52);
INSERT INTO `mapteleport` VALUES (2028, 15, 66, 2008, 114, 53);
INSERT INTO `mapteleport` VALUES (2028, 116, 57, 2201, 16, 78);
INSERT INTO `mapteleport` VALUES (2028, 116, 58, 2201, 16, 79);
INSERT INTO `mapteleport` VALUES (2028, 116, 59, 2201, 16, 80);
INSERT INTO `mapteleport` VALUES (2028, 116, 60, 2201, 16, 81);
INSERT INTO `mapteleport` VALUES (2028, 69, 115, 2027, 69, 15);
INSERT INTO `mapteleport` VALUES (2028, 70, 115, 2027, 70, 15);
INSERT INTO `mapteleport` VALUES (2028, 71, 115, 2027, 71, 15);
INSERT INTO `mapteleport` VALUES (2028, 72, 115, 2027, 72, 15);
INSERT INTO `mapteleport` VALUES (2028, 73, 115, 2027, 73, 15);
INSERT INTO `mapteleport` VALUES (2201, 15, 78, 2028, 115, 57);
INSERT INTO `mapteleport` VALUES (2201, 15, 79, 2028, 115, 58);
INSERT INTO `mapteleport` VALUES (2201, 15, 80, 2028, 115, 59);
INSERT INTO `mapteleport` VALUES (2201, 15, 81, 2028, 115, 60);
INSERT INTO `mapteleport` VALUES (2201, 116, 69, 502, 19, 52);
INSERT INTO `mapteleport` VALUES (2201, 116, 70, 502, 19, 53);
INSERT INTO `mapteleport` VALUES (2201, 116, 71, 502, 19, 54);
INSERT INTO `mapteleport` VALUES (2040, 80, 10, 2041, 91, 114);
INSERT INTO `mapteleport` VALUES (2040, 81, 10, 2041, 92, 114);
INSERT INTO `mapteleport` VALUES (2040, 82, 10, 2041, 93, 114);
INSERT INTO `mapteleport` VALUES (2040, 83, 10, 2041, 94, 114);
INSERT INTO `mapteleport` VALUES (2040, 13, 71, 2061, 117, 40);
INSERT INTO `mapteleport` VALUES (2040, 13, 72, 2061, 117, 41);
INSERT INTO `mapteleport` VALUES (2040, 13, 73, 2061, 117, 42);
INSERT INTO `mapteleport` VALUES (2040, 13, 74, 2061, 117, 42);
INSERT INTO `mapteleport` VALUES (2040, 13, 75, 2061, 117, 42);
INSERT INTO `mapteleport` VALUES (2041, 85, 12, 2043, 90, 102);
INSERT INTO `mapteleport` VALUES (2041, 86, 12, 2043, 91, 102);
INSERT INTO `mapteleport` VALUES (2041, 107, 65, 2042, 19, 90);
INSERT INTO `mapteleport` VALUES (2041, 91, 115, 2040, 80, 11);
INSERT INTO `mapteleport` VALUES (2041, 92, 115, 2040, 81, 11);
INSERT INTO `mapteleport` VALUES (2041, 93, 115, 2040, 82, 11);
INSERT INTO `mapteleport` VALUES (2041, 94, 115, 2040, 83, 11);
INSERT INTO `mapteleport` VALUES (2042, 18, 90, 2041, 106, 65);
INSERT INTO `mapteleport` VALUES (2042, 113, 76, 2081, 19, 76);
INSERT INTO `mapteleport` VALUES (2042, 113, 77, 2081, 19, 77);
INSERT INTO `mapteleport` VALUES (2042, 113, 78, 2081, 19, 78);
INSERT INTO `mapteleport` VALUES (2042, 113, 79, 2081, 19, 79);
INSERT INTO `mapteleport` VALUES (2042, 113, 80, 2081, 19, 79);
INSERT INTO `mapteleport` VALUES (2043, 93, 15, 2046, 107, 112);
INSERT INTO `mapteleport` VALUES (2043, 94, 15, 2046, 108, 112);
INSERT INTO `mapteleport` VALUES (2043, 95, 15, 2046, 109, 112);
INSERT INTO `mapteleport` VALUES (2043, 90, 103, 2041, 85, 13);
INSERT INTO `mapteleport` VALUES (2043, 91, 103, 2041, 86, 13);
INSERT INTO `mapteleport` VALUES (2044, 74, 10, 2045, 84, 116);
INSERT INTO `mapteleport` VALUES (2044, 74, 11, 2045, 84, 117);
INSERT INTO `mapteleport` VALUES (2044, 74, 12, 2045, 84, 118);
INSERT INTO `mapteleport` VALUES (2045, 82, 14, 2047, 93, 117);
INSERT INTO `mapteleport` VALUES (2045, 83, 14, 2047, 94, 117);
INSERT INTO `mapteleport` VALUES (2045, 84, 14, 2047, 95, 117);
INSERT INTO `mapteleport` VALUES (2045, 85, 14, 2047, 96, 117);
INSERT INTO `mapteleport` VALUES (2045, 83, 116, 2044, 73, 10);
INSERT INTO `mapteleport` VALUES (2045, 83, 117, 2044, 73, 11);
INSERT INTO `mapteleport` VALUES (2045, 83, 118, 2044, 73, 12);
INSERT INTO `mapteleport` VALUES (2046, 87, 10, 2048, 71, 121);
INSERT INTO `mapteleport` VALUES (2046, 88, 10, 2048, 72, 121);
INSERT INTO `mapteleport` VALUES (2046, 107, 113, 2043, 93, 16);
INSERT INTO `mapteleport` VALUES (2046, 108, 113, 2043, 94, 16);
INSERT INTO `mapteleport` VALUES (2046, 109, 113, 2043, 95, 16);
INSERT INTO `mapteleport` VALUES (2047, 11, 54, 2048, 115, 54);
INSERT INTO `mapteleport` VALUES (2047, 11, 55, 2048, 115, 55);
INSERT INTO `mapteleport` VALUES (2047, 11, 56, 2048, 115, 56);
INSERT INTO `mapteleport` VALUES (2047, 93, 118, 2045, 82, 15);
INSERT INTO `mapteleport` VALUES (2047, 94, 118, 2045, 83, 15);
INSERT INTO `mapteleport` VALUES (2047, 95, 118, 2045, 84, 15);
INSERT INTO `mapteleport` VALUES (2047, 96, 118, 2045, 85, 15);
INSERT INTO `mapteleport` VALUES (2048, 76, 58, 2049, 23, 50);
INSERT INTO `mapteleport` VALUES (2048, 116, 54, 2047, 12, 54);
INSERT INTO `mapteleport` VALUES (2048, 116, 55, 2047, 12, 55);
INSERT INTO `mapteleport` VALUES (2048, 116, 56, 2047, 12, 56);
INSERT INTO `mapteleport` VALUES (2048, 71, 122, 2046, 87, 11);
INSERT INTO `mapteleport` VALUES (2048, 72, 122, 2046, 88, 11);
INSERT INTO `mapteleport` VALUES (2049, 23, 15, 2020, 67, 88);
INSERT INTO `mapteleport` VALUES (2049, 23, 51, 2048, 76, 59);
INSERT INTO `mapteleport` VALUES (2060, 38, 11, 2061, 38, 119);
INSERT INTO `mapteleport` VALUES (2060, 39, 11, 2061, 39, 119);
INSERT INTO `mapteleport` VALUES (2060, 40, 11, 2061, 40, 119);
INSERT INTO `mapteleport` VALUES (2060, 60, 146, 100, 85, 23);
INSERT INTO `mapteleport` VALUES (2060, 61, 146, 100, 86, 23);
INSERT INTO `mapteleport` VALUES (2060, 62, 146, 100, 87, 23);
INSERT INTO `mapteleport` VALUES (2060, 63, 146, 100, 88, 23);
INSERT INTO `mapteleport` VALUES (2060, 64, 146, 100, 89, 23);
INSERT INTO `mapteleport` VALUES (2061, 118, 40, 2040, 14, 71);
INSERT INTO `mapteleport` VALUES (2061, 118, 41, 2040, 14, 72);
INSERT INTO `mapteleport` VALUES (2061, 118, 42, 2040, 14, 73);
INSERT INTO `mapteleport` VALUES (2061, 38, 120, 2060, 38, 12);
INSERT INTO `mapteleport` VALUES (2061, 39, 120, 2060, 39, 12);
INSERT INTO `mapteleport` VALUES (2061, 40, 120, 2060, 40, 12);
INSERT INTO `mapteleport` VALUES (2081, 18, 76, 2042, 112, 76);
INSERT INTO `mapteleport` VALUES (2081, 18, 77, 2042, 112, 77);
INSERT INTO `mapteleport` VALUES (2081, 18, 78, 2042, 112, 78);
INSERT INTO `mapteleport` VALUES (2081, 18, 79, 2042, 112, 79);
INSERT INTO `mapteleport` VALUES (2081, 65, 13, 2085, 65, 109);
INSERT INTO `mapteleport` VALUES (2081, 66, 13, 2085, 66, 109);
INSERT INTO `mapteleport` VALUES (2081, 67, 13, 2085, 67, 109);
INSERT INTO `mapteleport` VALUES (2081, 68, 13, 2085, 68, 109);
INSERT INTO `mapteleport` VALUES (2085, 65, 110, 2081, 65, 14);
INSERT INTO `mapteleport` VALUES (2085, 66, 110, 2081, 66, 14);
INSERT INTO `mapteleport` VALUES (2085, 67, 110, 2081, 67, 14);
INSERT INTO `mapteleport` VALUES (2085, 68, 110, 2081, 68, 14);
INSERT INTO `mapteleport` VALUES (2085, 117, 41, 501, 19, 54);
INSERT INTO `mapteleport` VALUES (2085, 117, 42, 501, 19, 55);
INSERT INTO `mapteleport` VALUES (2085, 117, 43, 501, 19, 56);
INSERT INTO `mapteleport` VALUES (500, 30, 40, 502, 75, 66);
INSERT INTO `mapteleport` VALUES (500, 30, 41, 502, 75, 67);
INSERT INTO `mapteleport` VALUES (500, 30, 42, 502, 75, 68);
INSERT INTO `mapteleport` VALUES (500, 30, 139, 501, 75, 40);
INSERT INTO `mapteleport` VALUES (500, 30, 140, 501, 75, 41);
INSERT INTO `mapteleport` VALUES (500, 30, 141, 501, 75, 42);
INSERT INTO `mapteleport` VALUES (501, 76, 40, 500, 31, 139);
INSERT INTO `mapteleport` VALUES (501, 76, 41, 500, 31, 140);
INSERT INTO `mapteleport` VALUES (501, 76, 42, 500, 31, 141);
INSERT INTO `mapteleport` VALUES (501, 18, 54, 2085, 116, 41);
INSERT INTO `mapteleport` VALUES (501, 18, 55, 2085, 116, 42);
INSERT INTO `mapteleport` VALUES (501, 18, 56, 2085, 116, 43);
INSERT INTO `mapteleport` VALUES (501, 51, 17, 502, 51, 90);
INSERT INTO `mapteleport` VALUES (501, 52, 17, 502, 52, 90);
INSERT INTO `mapteleport` VALUES (501, 53, 17, 502, 53, 90);
INSERT INTO `mapteleport` VALUES (502, 18, 52, 2201, 115, 69);
INSERT INTO `mapteleport` VALUES (502, 18, 53, 2201, 115, 70);
INSERT INTO `mapteleport` VALUES (502, 18, 54, 2201, 115, 71);
INSERT INTO `mapteleport` VALUES (502, 76, 66, 500, 31, 40);
INSERT INTO `mapteleport` VALUES (502, 76, 67, 500, 31, 41);
INSERT INTO `mapteleport` VALUES (502, 76, 68, 500, 31, 42);
INSERT INTO `mapteleport` VALUES (502, 51, 91, 501, 51, 18);
INSERT INTO `mapteleport` VALUES (502, 52, 91, 501, 52, 18);
INSERT INTO `mapteleport` VALUES (502, 53, 91, 501, 53, 18);
INSERT INTO `mapteleport` VALUES (200, 175, 95, 201, 17, 20);
INSERT INTO `mapteleport` VALUES (201, 17, 21, 200, 175, 96);
INSERT INTO `mapteleport` VALUES (201, 18, 21, 200, 175, 96);
INSERT INTO `mapteleport` VALUES (201, 16, 21, 200, 175, 96);
INSERT INTO `mapteleport` VALUES (200, 158, 93, 202, 25, 15);
INSERT INTO `mapteleport` VALUES (202, 26, 14, 200, 159, 93);
INSERT INTO `mapteleport` VALUES (202, 26, 15, 200, 159, 93);
INSERT INTO `mapteleport` VALUES (202, 26, 16, 200, 159, 93);
INSERT INTO `mapteleport` VALUES (202, 25, 26, 203, 21, 16);
INSERT INTO `mapteleport` VALUES (203, 22, 16, 202, 25, 25);
INSERT INTO `mapteleport` VALUES (200, 76, 159, 220, 17, 30);
INSERT INTO `mapteleport` VALUES (220, 17, 31, 200, 76, 160);
INSERT INTO `mapteleport` VALUES (220, 18, 31, 200, 76, 160);
INSERT INTO `mapteleport` VALUES (220, 5, 11, 221, 8, 7);
INSERT INTO `mapteleport` VALUES (221, 8, 8, 220, 5, 12);
INSERT INTO `mapteleport` VALUES (220, 30, 11, 221, 23, 7);
INSERT INTO `mapteleport` VALUES (221, 23, 8, 220, 30, 12);
INSERT INTO `mapteleport` VALUES (221, 16, 22, 222, 4, 9);
INSERT INTO `mapteleport` VALUES (222, 5, 9, 221, 17, 22);
INSERT INTO `mapteleport` VALUES (222, 7, 3, 223, 11, 8);
INSERT INTO `mapteleport` VALUES (223, 11, 9, 222, 7, 4);
INSERT INTO `mapteleport` VALUES (200, 97, 132, 219, 23, 12);
INSERT INTO `mapteleport` VALUES (219, 24, 11, 200, 98, 132);
INSERT INTO `mapteleport` VALUES (219, 24, 12, 200, 98, 132);
INSERT INTO `mapteleport` VALUES (219, 24, 13, 200, 98, 132);
INSERT INTO `mapteleport` VALUES (200, 81, 118, 204, 8, 1);
INSERT INTO `mapteleport` VALUES (204, 8, 0, 200, 81, 117);
INSERT INTO `mapteleport` VALUES (204, 9, 0, 200, 81, 117);
INSERT INTO `mapteleport` VALUES (200, 107, 111, 230, 24, 43);
INSERT INTO `mapteleport` VALUES (200, 108, 111, 230, 25, 43);
INSERT INTO `mapteleport` VALUES (230, 24, 44, 200, 107, 112);
INSERT INTO `mapteleport` VALUES (230, 25, 44, 200, 108, 112);
INSERT INTO `mapteleport` VALUES (230, 26, 44, 200, 108, 112);
INSERT INTO `mapteleport` VALUES (230, 24, 7, 231, 29, 43);
INSERT INTO `mapteleport` VALUES (230, 25, 7, 231, 30, 43);
INSERT INTO `mapteleport` VALUES (230, 26, 7, 231, 31, 43);
INSERT INTO `mapteleport` VALUES (231, 29, 44, 230, 24, 8);
INSERT INTO `mapteleport` VALUES (231, 30, 44, 230, 25, 8);
INSERT INTO `mapteleport` VALUES (231, 31, 44, 230, 26, 8);
INSERT INTO `mapteleport` VALUES (231, 30, 13, 232, 30, 41);
INSERT INTO `mapteleport` VALUES (232, 30, 42, 231, 30, 14);
INSERT INTO `mapteleport` VALUES (232, 30, 13, 233, 30, 39);
INSERT INTO `mapteleport` VALUES (233, 30, 40, 232, 30, 14);
INSERT INTO `mapteleport` VALUES (233, 30, 14, 234, 30, 40);
INSERT INTO `mapteleport` VALUES (234, 30, 41, 233, 30, 15);
INSERT INTO `mapteleport` VALUES (200, 134, 117, 205, 8, 1);
INSERT INTO `mapteleport` VALUES (205, 8, 0, 200, 134, 116);
INSERT INTO `mapteleport` VALUES (205, 9, 0, 200, 134, 116);
INSERT INTO `mapteleport` VALUES (200, 176, 117, 206, 8, 1);
INSERT INTO `mapteleport` VALUES (206, 8, 0, 200, 176, 116);
INSERT INTO `mapteleport` VALUES (206, 9, 0, 200, 176, 116);
INSERT INTO `mapteleport` VALUES (200, 38, 98, 207, 17, 20);
INSERT INTO `mapteleport` VALUES (207, 16, 21, 200, 38, 99);
INSERT INTO `mapteleport` VALUES (207, 17, 21, 200, 38, 99);
INSERT INTO `mapteleport` VALUES (207, 18, 21, 200, 38, 99);
INSERT INTO `mapteleport` VALUES (100, 95, 66, 102, 1, 9);
INSERT INTO `mapteleport` VALUES (102, 0, 8, 100, 94, 66);
INSERT INTO `mapteleport` VALUES (102, 0, 9, 100, 94, 66);
INSERT INTO `mapteleport` VALUES (102, 0, 10, 100, 94, 66);
INSERT INTO `mapteleport` VALUES (102, 0, 11, 100, 94, 66);
INSERT INTO `mapteleport` VALUES (102, 14, 21, 103, 23, 26);
INSERT INTO `mapteleport` VALUES (103, 22, 26, 102, 13, 21);
INSERT INTO `mapteleport` VALUES (100, 115, 81, 119, 12, 23);
INSERT INTO `mapteleport` VALUES (119, 11, 24, 100, 115, 82);
INSERT INTO `mapteleport` VALUES (119, 12, 24, 100, 115, 82);
INSERT INTO `mapteleport` VALUES (119, 13, 24, 100, 115, 82);
INSERT INTO `mapteleport` VALUES (100, 80, 56, 106, 13, 7);
INSERT INTO `mapteleport` VALUES (106, 14, 6, 100, 81, 56);
INSERT INTO `mapteleport` VALUES (106, 14, 7, 100, 81, 56);
INSERT INTO `mapteleport` VALUES (106, 14, 8, 100, 81, 56);
INSERT INTO `mapteleport` VALUES (100, 80, 108, 104, 13, 7);
INSERT INTO `mapteleport` VALUES (104, 14, 6, 100, 81, 108);
INSERT INTO `mapteleport` VALUES (104, 14, 7, 100, 81, 108);
INSERT INTO `mapteleport` VALUES (104, 14, 8, 100, 81, 108);
INSERT INTO `mapteleport` VALUES (100, 94, 108, 105, 1, 7);
INSERT INTO `mapteleport` VALUES (105, 0, 6, 100, 93, 108);
INSERT INTO `mapteleport` VALUES (105, 0, 7, 100, 93, 108);
INSERT INTO `mapteleport` VALUES (105, 0, 8, 100, 93, 108);
INSERT INTO `mapteleport` VALUES (100, 133, 131, 120, 4, 17);
INSERT INTO `mapteleport` VALUES (120, 3, 17, 100, 132, 131);
INSERT INTO `mapteleport` VALUES (120, 3, 18, 100, 132, 131);
INSERT INTO `mapteleport` VALUES (120, 23, 5, 121, 24, 8);
INSERT INTO `mapteleport` VALUES (120, 23, 30, 121, 24, 23);
INSERT INTO `mapteleport` VALUES (121, 23, 8, 120, 22, 5);
INSERT INTO `mapteleport` VALUES (121, 23, 23, 120, 22, 30);
INSERT INTO `mapteleport` VALUES (121, 9, 16, 122, 5, 4);
INSERT INTO `mapteleport` VALUES (122, 5, 5, 121, 9, 17);
INSERT INTO `mapteleport` VALUES (122, 11, 7, 123, 8, 11);
INSERT INTO `mapteleport` VALUES (123, 7, 11, 122, 10, 7);

-- ----------------------------
-- Table structure for tradeinfo
-- ----------------------------
DROP TABLE IF EXISTS `tradeinfo`;
CREATE TABLE `tradeinfo`  (
  `fdTradeID` int(11) NOT NULL,
  `fdGlobalID` int(11) NOT NULL,
  `fdGlobalItemID1` int(11) NOT NULL,
  `fdGlobalItemID2` int(11) NOT NULL,
  `fdGlobalItemID3` int(11) NOT NULL,
  `fdGlobalItemID4` int(11) NOT NULL,
  `fdGlobalItemID5` int(11) NOT NULL,
  `fdGlobalItemID6` int(11) NOT NULL,
  `fdGlobalItemID7` int(11) NOT NULL,
  `fdGlobalItemID8` int(11) NOT NULL,
  `fdGlobalItemID9` int(11) NOT NULL,
  `fdGlobalItemID10` int(11) NOT NULL,
  `fdGlobalItemID11` int(11) NOT NULL,
  `fdGlobalItemID12` int(11) NOT NULL,
  `fdTradeZula` int(11) NOT NULL,
  `fdTradeLock` int(11) NOT NULL
) ENGINE = InnoDB CHARACTER SET = big5 COLLATE = big5_chinese_ci ROW_FORMAT = Dynamic;

-- ----------------------------
-- Records of tradeinfo
-- ----------------------------
INSERT INTO `tradeinfo` VALUES (1, 389, 0, 0, 0, 0, 0, 0, 0, 0, 0, 0, 0, 0, 0, 0);
INSERT INTO `tradeinfo` VALUES (1, 388, 0, 0, 0, 0, 0, 0, 0, 0, 0, 0, 0, 0, 0, 0);
INSERT INTO `tradeinfo` VALUES (2, 388, 829, 0, 0, 0, 0, 0, 0, 0, 0, 0, 0, 0, 0, 1);
INSERT INTO `tradeinfo` VALUES (2, 389, 0, 0, 0, 0, 0, 0, 0, 0, 0, 0, 0, 0, 0, 1);
INSERT INTO `tradeinfo` VALUES (3, 388, 0, 0, 0, 0, 0, 0, 0, 0, 0, 0, 0, 0, 0, 0);
INSERT INTO `tradeinfo` VALUES (3, 389, 0, 0, 0, 0, 0, 0, 0, 0, 0, 0, 0, 0, 0, 0);
INSERT INTO `tradeinfo` VALUES (4, 394, 0, 0, 0, 0, 0, 0, 0, 0, 0, 0, 0, 0, 10, 1);
INSERT INTO `tradeinfo` VALUES (4, 395, 1190, 0, 0, 0, 0, 0, 0, 0, 0, 0, 0, 0, 0, 1);
INSERT INTO `tradeinfo` VALUES (5, 394, 0, 0, 0, 0, 0, 0, 0, 0, 0, 0, 0, 0, 0, 0);
INSERT INTO `tradeinfo` VALUES (5, 395, 0, 0, 0, 0, 0, 0, 0, 0, 0, 0, 0, 0, 0, 0);
INSERT INTO `tradeinfo` VALUES (6, 394, 1205, 0, 0, 0, 0, 0, 0, 0, 0, 0, 0, 0, 0, 1);
INSERT INTO `tradeinfo` VALUES (6, 395, 0, 0, 0, 0, 0, 0, 0, 0, 0, 0, 0, 0, 0, 1);
INSERT INTO `tradeinfo` VALUES (7, 394, 0, 0, 0, 0, 0, 0, 0, 0, 0, 0, 0, 0, 0, 0);
INSERT INTO `tradeinfo` VALUES (7, 395, 0, 0, 0, 0, 0, 0, 0, 0, 0, 0, 0, 0, 0, 0);
INSERT INTO `tradeinfo` VALUES (8, 394, 0, 0, 0, 0, 0, 0, 0, 0, 0, 0, 0, 0, 0, 1);
INSERT INTO `tradeinfo` VALUES (8, 403, 1536, 0, 0, 0, 0, 0, 0, 0, 0, 0, 0, 0, 0, 1);
INSERT INTO `tradeinfo` VALUES (9, 394, 0, 0, 0, 0, 0, 0, 0, 0, 0, 0, 0, 0, 0, 0);
INSERT INTO `tradeinfo` VALUES (9, 403, 0, 0, 0, 0, 0, 0, 0, 0, 0, 0, 0, 0, 0, 0);
INSERT INTO `tradeinfo` VALUES (10, 403, 0, 0, 0, 0, 0, 0, 0, 0, 0, 0, 0, 0, 0, 0);
INSERT INTO `tradeinfo` VALUES (10, 394, 0, 0, 0, 0, 0, 0, 0, 0, 0, 0, 0, 0, 0, 0);
INSERT INTO `tradeinfo` VALUES (11, 394, 1583, 0, 0, 0, 0, 0, 0, 0, 0, 0, 0, 0, 0, 1);
INSERT INTO `tradeinfo` VALUES (11, 403, 0, 0, 0, 0, 0, 0, 0, 0, 0, 0, 0, 0, 0, 1);
INSERT INTO `tradeinfo` VALUES (12, 394, 0, 0, 0, 0, 0, 0, 0, 0, 0, 0, 0, 0, 0, 0);
INSERT INTO `tradeinfo` VALUES (12, 403, 0, 0, 0, 0, 0, 0, 0, 0, 0, 0, 0, 0, 0, 0);
INSERT INTO `tradeinfo` VALUES (13, 394, 0, 0, 0, 0, 0, 0, 0, 0, 0, 0, 0, 0, 0, 0);
INSERT INTO `tradeinfo` VALUES (13, 403, 0, 0, 0, 0, 0, 0, 0, 0, 0, 0, 0, 0, 0, 0);
INSERT INTO `tradeinfo` VALUES (14, 403, 0, 0, 0, 0, 0, 0, 0, 0, 0, 0, 0, 0, 0, 0);
INSERT INTO `tradeinfo` VALUES (14, 394, 0, 0, 0, 0, 0, 0, 0, 0, 0, 0, 0, 0, 100, 1);
INSERT INTO `tradeinfo` VALUES (15, 394, 0, 0, 0, 0, 0, 0, 0, 0, 0, 0, 0, 0, 0, 0);
INSERT INTO `tradeinfo` VALUES (15, 403, 0, 0, 0, 0, 0, 0, 0, 0, 0, 0, 0, 0, 0, 0);
INSERT INTO `tradeinfo` VALUES (16, 394, 1111, 0, 0, 0, 0, 0, 0, 0, 0, 0, 0, 0, 0, 1);
INSERT INTO `tradeinfo` VALUES (16, 408, 0, 0, 0, 0, 0, 0, 0, 0, 0, 0, 0, 0, 0, 1);
INSERT INTO `tradeinfo` VALUES (17, 400, 0, 0, 0, 0, 0, 0, 0, 0, 0, 0, 0, 0, 0, 0);
INSERT INTO `tradeinfo` VALUES (17, 389, 0, 0, 0, 0, 0, 0, 0, 0, 0, 0, 0, 0, 0, 0);
INSERT INTO `tradeinfo` VALUES (18, 408, 0, 0, 0, 0, 0, 0, 0, 0, 0, 0, 0, 0, 0, 0);
INSERT INTO `tradeinfo` VALUES (18, 394, 0, 0, 0, 0, 0, 0, 0, 0, 0, 0, 0, 0, 0, 0);
INSERT INTO `tradeinfo` VALUES (19, 418, 0, 0, 0, 0, 0, 0, 0, 0, 0, 0, 0, 0, 0, 0);
INSERT INTO `tradeinfo` VALUES (19, 417, 0, 0, 0, 0, 0, 0, 0, 0, 0, 0, 0, 0, 0, 0);

-- ----------------------------
-- Table structure for usercharacterinfo
-- ----------------------------
DROP TABLE IF EXISTS `usercharacterinfo`;
CREATE TABLE `usercharacterinfo`  (
  `fdGlobalID` int(11) NOT NULL AUTO_INCREMENT,
  `fdGameID` varchar(50) CHARACTER SET big5 COLLATE big5_chinese_ci NOT NULL,
  `fdStoredPos` int(11) NOT NULL,
  `fdNation` int(11) NOT NULL,
  `fdJob` int(11) NOT NULL,
  `fdLevel` int(11) NOT NULL,
  `fdZula` int(11) NOT NULL,
  `fdCharName` varchar(50) CHARACTER SET big5 COLLATE big5_chinese_ci NOT NULL,
  `fdGender` int(11) NOT NULL,
  `fdInsertTime` datetime(0) NOT NULL,
  `fdEqu1` int(11) NOT NULL,
  `fdEqu2` int(11) NOT NULL,
  `fdEncodedCloth` varchar(50) CHARACTER SET big5 COLLATE big5_chinese_ci NOT NULL,
  `fdEncodedSkin` varchar(50) CHARACTER SET big5 COLLATE big5_chinese_ci NOT NULL,
  `fdEncodedHair` varchar(50) CHARACTER SET big5 COLLATE big5_chinese_ci NOT NULL,
  `fdHairClump1` varchar(50) CHARACTER SET big5 COLLATE big5_chinese_ci NOT NULL,
  `fdHairClump2` varchar(50) CHARACTER SET big5 COLLATE big5_chinese_ci NOT NULL,
  `fdHairClump3` varchar(50) CHARACTER SET big5 COLLATE big5_chinese_ci NOT NULL,
  `fdHairClump4` varchar(50) CHARACTER SET big5 COLLATE big5_chinese_ci NOT NULL,
  `fdMapID` varchar(50) CHARACTER SET big5 COLLATE big5_chinese_ci NULL DEFAULT NULL,
  `fdMapX` int(11) NOT NULL,
  `fdMapY` int(11) NOT NULL,
  PRIMARY KEY (`fdGlobalID`) USING BTREE
) ENGINE = InnoDB AUTO_INCREMENT = 423 CHARACTER SET = big5 COLLATE = big5_chinese_ci ROW_FORMAT = Dynamic;

-- ----------------------------
-- Records of usercharacterinfo
-- ----------------------------
INSERT INTO `usercharacterinfo` VALUES (365, '風虎飛揚', 1, 12, 6, 1, 0, '低頭思故鄉', 0, '2020-05-19 14:58:02', 41, 33, '707470\0\0', '817881648150\0\0', '8120817c8140\0\0', '2800000A', '2900000A', '2A00000A', '2B00000A', '200', 175, 107);
INSERT INTO `usercharacterinfo` VALUES (369, 'kazama4592', 1, 12, 6, 1, 25000, '彥一郎', 0, '2020-05-20 10:54:01', 41, 43, '817f817f817f\0\0', '817f817f817f\0\0', '817f817f817f\0\0', '2800000A', '2900000A', '2A00000A', '2B00000A', '200', 175, 107);
INSERT INTO `usercharacterinfo` VALUES (371, 'samss', 1, 12, 6, 1, 5000, 'ginger', 0, '2020-05-20 11:17:44', 1, 3, '7881148148\0\0', '817881648150\0\0', '812081748158\0\0', '0000000A', '0100000A', '0200000A', '0300000A', '200', 175, 107);
INSERT INTO `usercharacterinfo` VALUES (386, 'HCY', 1, 12, 6, 1, 10000, 'Ruby', 1, '2020-05-25 11:42:42', 65617, 65619, '817f817f817f\0\0', '817f817f817f\0\0', '817f817f817f\0\0', '5000010A', '5100010A', '5200010A', '5300010A', '200', 175, 107);
INSERT INTO `usercharacterinfo` VALUES (389, 'Mew510', 1, 12, 6, 1, 10000, 'Mew510', 0, '2020-05-26 22:27:41', 61, 3, '8160816c8110\0\0', '817081488128\0\0', '816881648100\0\0', '3C00000A', '3D00000A', '3E00000A', '3F00000A', '200', 175, 107);
INSERT INTO `usercharacterinfo` VALUES (391, 'Paper', 1, 12, 6, 1, 10000, '21331', 0, '2020-05-26 22:55:14', 31, 33, '817f817f817f\0\0', '817f817f817f\0\0', '817f817f817f\0\0', '1E00000A', '1F00000A', '2000000A', '2100000A', '200', 175, 107);
INSERT INTO `usercharacterinfo` VALUES (392, 'sutcac', 1, 12, 6, 1, 10000, '咖哩魚蛋', 1, '2020-05-26 23:55:29', 65577, 65579, '817f817f817f\0\0', '817f817f817f\0\0', '811881188118\0\0', '2800010A', '2900010A', '2A00010A', '2B00010A', '200', 175, 107);
INSERT INTO `usercharacterinfo` VALUES (394, 'a', 1, 12, 6, 1, 9990, '今晚打老虎', 1, '2020-05-27 22:52:31', 65597, 65579, '810081048100\0\0', '817f817f817f\0\0', '810081048100\0\0', '3C00010A', '3D00010A', '3E00010A', '3F00010A', '120', 5, 17);
INSERT INTO `usercharacterinfo` VALUES (396, 'sammi', 1, 12, 6, 1, 10000, 'Gingerbread', 1, '2020-05-27 23:25:54', 65577, 65549, '7081088148\0\0', '8178817c8178\0\0', '787878\0\0', '2800010A', '2900010A', '2A00010A', '2B00010A', '200', 175, 107);
INSERT INTO `usercharacterinfo` VALUES (398, 'brance', 1, 12, 6, 1, 10000, 'GARLIC', 0, '2020-05-27 23:36:16', 71, 83, '8108812c8140\0\0', '817081448148\0\0', '817081388150\0\0', '4600000A', '4700000A', '4800000A', '4900000A', '200', 175, 107);
INSERT INTO `usercharacterinfo` VALUES (399, 'Tong', 1, 12, 6, 1, 10000, 'Tong', 1, '2020-05-27 23:55:15', 65547, 65549, '817f817f817f\0\0', '817f817f817f\0\0', '817f817f817f\0\0', '0A00010A', '0B00010A', '0C00010A', '0D00010A', '200', 175, 107);
INSERT INTO `usercharacterinfo` VALUES (402, 'Shamrock', 1, 12, 6, 1, 10000, 'Shamrock', 0, '2020-05-30 12:31:37', 61, 33, '707470\0\0', '817f817f817f\0\0', '8178815c8108\0\0', '3C00000A', '3D00000A', '3E00000A', '3F00000A', '200', 175, 107);
INSERT INTO `usercharacterinfo` VALUES (403, 'gladys', 1, 12, 6, 1, 10000, 'G', 1, '2020-05-31 14:38:15', 65587, 65599, '817f817f817f\0\0', '817f817f817f\0\0', '817f817f817f\0\0', '3200010A', '3300010A', '3400010A', '3500010A', '200', 175, 107);
INSERT INTO `usercharacterinfo` VALUES (408, 'alanlei', 1, 12, 6, 1, 10000, 'alanlei', 0, '2020-05-31 19:43:36', 41, 33, '81787060\0\0', '817f817f817f\0\0', '81786860\0\0', '2800000A', '2900000A', '2A00000A', '2B00000A', '200', 175, 107);
INSERT INTO `usercharacterinfo` VALUES (409, 'LWK', 1, 12, 6, 1, 10000, '臭雞', 1, '2020-06-01 00:22:45', 65557, 65619, '606460\0\0', '817f817f817f\0\0', '606460\0\0', '1400010A', '1500010A', '1600010A', '1700010A', '200', 175, 107);
INSERT INTO `usercharacterinfo` VALUES (410, '泡麵粥', 1, 12, 6, 1, 10000, '免費玩家-泡麵粥', 0, '2020-06-09 14:45:17', 41, 43, '811881188118\0\0', '817081488128\0\0', '815081548150\0\0', '2800000A', '2900000A', '2A00000A', '2B00000A', '200', 175, 107);
INSERT INTO `usercharacterinfo` VALUES (411, 'Etong', 1, 12, 6, 1, 10000, 'RR', 1, '2020-06-09 21:40:24', 65557, 65559, '817f817f817f\0\0', '817f817f817f\0\0', '817f817f817f\0\0', '1400010A', '1500010A', '1600010A', '1700010A', '200', 175, 107);
INSERT INTO `usercharacterinfo` VALUES (412, 'Bob', 1, 12, 6, 1, 10000, '免費玩家-Bob', 0, '2020-06-09 22:20:34', 31, 33, '811881188118\0\0', '817f817f817f\0\0', '787878\0\0', '1E00000A', '1F00000A', '2000000A', '2100000A', '200', 175, 107);
INSERT INTO `usercharacterinfo` VALUES (413, 'HOB', 1, 12, 6, 1, 10000, '免費玩家-毫B', 0, '2020-06-11 21:12:34', 81, 83, '81504c8138\0\0', '81007c8148\0\0', '8178817c58\0\0', '5000000A', '5100000A', '5200000A', '5300000A', '200', 175, 107);
INSERT INTO `usercharacterinfo` VALUES (415, '免費玩家-~小葉子', 1, 12, 6, 1, 10000, '免費玩家-~小葉子', 0, '2020-06-12 14:35:52', 41, 33, '817f817f817f\0\0', '817f817f817f\0\0', '81785450\0\0', '2800000A', '2900000A', '2A00000A', '2B00000A', '200', 175, 107);
INSERT INTO `usercharacterinfo` VALUES (417, 'Stargun', 1, 12, 6, 1, 10000, 'Stargun', 0, '2020-06-12 17:53:17', 31, 33, '8128817c8178\0\0', '8178817c8178\0\0', '8178817c58\0\0', '1E00000A', '1F00000A', '2000000A', '2100000A', '200', 175, 107);
INSERT INTO `usercharacterinfo` VALUES (418, 'ister', 1, 12, 6, 1, 10000, '免費玩家-ister', 1, '2020-06-12 18:36:54', 65557, 65539, '817f817f817f\0\0', '817f817f817f\0\0', '8178817878\0\0', '1400010A', '1500010A', '1600010A', '1700010A', '200', 175, 107);
INSERT INTO `usercharacterinfo` VALUES (419, 'niku18yo', 1, 12, 6, 1, 10000, '免費玩家-pe40', 0, '2020-06-14 13:29:59', 31, 33, '8110817c8118\0\0', '817f817f817f\0\0', '8178817c58\0\0', '1E00000A', '1F00000A', '2000000A', '2100000A', '200', 175, 107);
INSERT INTO `usercharacterinfo` VALUES (421, 'Fujiwara', 1, 12, 6, 1, 10000, '免費玩家-TAKUMI', 0, '2020-06-30 19:24:55', 41, 43, '811881188118\0\0', '817081688138\0\0', '810081008138\0\0', '2800000A', '2900000A', '2A00000A', '2B00000A', '200', 175, 107);
INSERT INTO `usercharacterinfo` VALUES (422, '辛吉絲', 1, 12, 6, 1, 10000, '免費玩家-辛吉絲', 1, '2020-07-13 12:20:28', 65567, 65569, '8120817c8128\0\0', '817f817f817f\0\0', '7881488110\0\0', '1E00010A', '1F00010A', '2000010A', '2100010A', '200', 175, 107);

-- ----------------------------
-- Table structure for userinfo
-- ----------------------------
DROP TABLE IF EXISTS `userinfo`;
CREATE TABLE `userinfo`  (
  `fdUserID` varchar(50) CHARACTER SET big5 COLLATE big5_chinese_ci NOT NULL,
  `fdGameID` varchar(50) CHARACTER SET big5 COLLATE big5_chinese_ci NULL DEFAULT NULL,
  `fdInsertTime` datetime(0) NOT NULL,
  PRIMARY KEY (`fdUserID`) USING BTREE
) ENGINE = InnoDB CHARACTER SET = big5 COLLATE = big5_chinese_ci ROW_FORMAT = Dynamic;

-- ----------------------------
-- Records of userinfo
-- ----------------------------
INSERT INTO `userinfo` VALUES ('alanlei', 'alanlei', '2020-04-13 09:24:03');
INSERT INTO `userinfo` VALUES ('alanlei1', 'a', '2020-05-06 00:41:29');
INSERT INTO `userinfo` VALUES ('as553', '辛吉絲', '2020-07-13 12:17:15');
INSERT INTO `userinfo` VALUES ('brance', 'brance', '2020-04-23 23:10:06');
INSERT INTO `userinfo` VALUES ('brance1', 'brancee1', '2020-04-27 15:39:53');
INSERT INTO `userinfo` VALUES ('error0201', 'Bob', '2020-06-09 22:19:30');
INSERT INTO `userinfo` VALUES ('etongs1234', 'Etong', '2020-06-09 21:40:07');
INSERT INTO `userinfo` VALUES ('etongs5678', 'Tong', '2020-05-27 23:53:40');
INSERT INTO `userinfo` VALUES ('foxjp2011005', '風虎飛揚', '2020-05-15 14:17:18');
INSERT INTO `userinfo` VALUES ('george33424', '免費玩家-~小葉子', '2020-06-12 14:33:22');
INSERT INTO `userinfo` VALUES ('gladys', 'gladys', '2020-04-21 22:23:27');
INSERT INTO `userinfo` VALUES ('Hob2020', 'HOB', '2020-06-11 21:09:21');
INSERT INTO `userinfo` VALUES ('ister40', 'ister', '2020-06-12 18:34:06');
INSERT INTO `userinfo` VALUES ('jacky50189', '泡麵粥', '2020-06-09 14:42:12');
INSERT INTO `userinfo` VALUES ('kazama4592', 'kazama4592', '2020-05-17 02:27:42');
INSERT INTO `userinfo` VALUES ('kk920', 'LWK', '2020-05-21 17:55:28');
INSERT INTO `userinfo` VALUES ('louiszen', 'louiszen', '2020-04-26 14:25:17');
INSERT INTO `userinfo` VALUES ('mew510', 'Mew510', '2020-05-21 17:58:15');
INSERT INTO `userinfo` VALUES ('niku18yo', 'niku18yo', '2020-06-14 13:29:34');
INSERT INTO `userinfo` VALUES ('paperlun', 'Paper', '2020-05-21 22:44:05');
INSERT INTO `userinfo` VALUES ('s86481239', 'qwe', '2020-05-07 01:57:06');
INSERT INTO `userinfo` VALUES ('sammi', 'sammi', '2020-04-23 23:10:29');
INSERT INTO `userinfo` VALUES ('sammi1', 'samss', '2020-04-27 15:54:15');
INSERT INTO `userinfo` VALUES ('shamrock2020', 'Shamrock', '2020-05-27 23:06:58');
INSERT INTO `userinfo` VALUES ('stargun', 'Stargun', '2020-06-12 17:49:51');
INSERT INTO `userinfo` VALUES ('STSTHUNG', 'Fujiwara', '2020-06-24 23:12:09');
INSERT INTO `userinfo` VALUES ('z4213123', 'HCY', '2020-05-25 11:40:43');
INSERT INTO `userinfo` VALUES ('zero33542', 'sutcac', '2020-05-26 23:55:13');

-- ----------------------------
-- Table structure for userinfofrompublisher
-- ----------------------------
DROP TABLE IF EXISTS `userinfofrompublisher`;
CREATE TABLE `userinfofrompublisher`  (
  `fdUserID` varchar(50) CHARACTER SET big5 COLLATE big5_chinese_ci NOT NULL,
  `fdPassword` varchar(50) CHARACTER SET big5 COLLATE big5_chinese_ci NOT NULL,
  `fdUserType` int(11) NOT NULL,
  PRIMARY KEY (`fdUserID`) USING BTREE
) ENGINE = InnoDB CHARACTER SET = big5 COLLATE = big5_chinese_ci ROW_FORMAT = Dynamic;

-- ----------------------------
-- Records of userinfofrompublisher
-- ----------------------------
INSERT INTO `userinfofrompublisher` VALUES ('a55688', '88655a', 0);
INSERT INTO `userinfofrompublisher` VALUES ('alanlei', '123', 1);
INSERT INTO `userinfofrompublisher` VALUES ('alanlei1', '123', 1);
INSERT INTO `userinfofrompublisher` VALUES ('alice3203', 'Syw0427', 1);
INSERT INTO `userinfofrompublisher` VALUES ('as553', 'winter', 0);
INSERT INTO `userinfofrompublisher` VALUES ('brance', 'alanlei', 1);
INSERT INTO `userinfofrompublisher` VALUES ('brance1', 'alanlei', 1);
INSERT INTO `userinfofrompublisher` VALUES ('bunbbb', 'c5dc3f1', 0);
INSERT INTO `userinfofrompublisher` VALUES ('error0201', 'bob9394', 0);
INSERT INTO `userinfofrompublisher` VALUES ('etongs1234', 'zxcvbnm0955', 1);
INSERT INTO `userinfofrompublisher` VALUES ('etongs5678', 'zxcvbnm0955', 1);
INSERT INTO `userinfofrompublisher` VALUES ('foxjp2011005', 'jmmq260008', 1);
INSERT INTO `userinfofrompublisher` VALUES ('fran', 'yytwco', 1);
INSERT INTO `userinfofrompublisher` VALUES ('george33424', 'moming35', 0);
INSERT INTO `userinfofrompublisher` VALUES ('gladys', 'alanlei', 1);
INSERT INTO `userinfofrompublisher` VALUES ('heavensky', 'heaven123', 1);
INSERT INTO `userinfofrompublisher` VALUES ('Hob2020', 'Flex2020', 0);
INSERT INTO `userinfofrompublisher` VALUES ('ister40', 'ister44', 0);
INSERT INTO `userinfofrompublisher` VALUES ('jacky50189', '037664973', 0);
INSERT INTO `userinfofrompublisher` VALUES ('kazama4592', '19920405', 1);
INSERT INTO `userinfofrompublisher` VALUES ('kk920', '92920', 1);
INSERT INTO `userinfofrompublisher` VALUES ('mew510', '93510', 1);
INSERT INTO `userinfofrompublisher` VALUES ('niku18yo', '986159', 0);
INSERT INTO `userinfofrompublisher` VALUES ('paperlun', 'pmrr22', 1);
INSERT INTO `userinfofrompublisher` VALUES ('sammi', 'grapeseed', 1);
INSERT INTO `userinfofrompublisher` VALUES ('sammi1', 'grapeseed', 1);
INSERT INTO `userinfofrompublisher` VALUES ('shamrock2020', 'test123', 1);
INSERT INTO `userinfofrompublisher` VALUES ('stargun', '51580865', 1);
INSERT INTO `userinfofrompublisher` VALUES ('ststhung', 'laam987.', 0);
INSERT INTO `userinfofrompublisher` VALUES ('sunshine2630', 's830130', 0);
INSERT INTO `userinfofrompublisher` VALUES ('z4213123', 'sg@697589', 1);
INSERT INTO `userinfofrompublisher` VALUES ('zero33542', 'kk40381', 1);

-- ----------------------------
-- Table structure for useritem
-- ----------------------------
DROP TABLE IF EXISTS `useritem`;
CREATE TABLE `useritem`  (
  `fdGlobalItemID` int(11) NOT NULL AUTO_INCREMENT,
  `fdGlobalID` int(11) NOT NULL,
  `fdItemID` int(11) NOT NULL,
  `fdItemPos` int(11) NOT NULL,
  `fdItemWear` int(11) NOT NULL,
  `fdItemCorrect` int(11) NOT NULL,
  `fdItemCount` int(11) NOT NULL,
  PRIMARY KEY (`fdGlobalItemID`) USING BTREE
) ENGINE = InnoDB AUTO_INCREMENT = 2029 CHARACTER SET = big5 COLLATE = big5_chinese_ci ROW_FORMAT = Dynamic;

-- ----------------------------
-- Records of useritem
-- ----------------------------
INSERT INTO `useritem` VALUES (876, 389, 1677727650, 1, 0, 0, 1);
INSERT INTO `useritem` VALUES (877, 389, 1677727658, 2, 0, 0, 1);
INSERT INTO `useritem` VALUES (878, 389, 1677727670, 3, 0, 3, 1);
INSERT INTO `useritem` VALUES (879, 389, 1677727678, 4, 0, 3, 1);
INSERT INTO `useritem` VALUES (880, 389, 1677722600, 5, 0, 3, 1);
INSERT INTO `useritem` VALUES (881, 389, 1677722608, 6, 0, 3, 1);
INSERT INTO `useritem` VALUES (882, 389, 1677727660, 7, 1, 3, 1);
INSERT INTO `useritem` VALUES (883, 389, 1677727668, 8, 0, 3, 1);
INSERT INTO `useritem` VALUES (884, 389, 1677727710, 9, 0, 3, 1);
INSERT INTO `useritem` VALUES (885, 389, 1677727715, 10, 0, 3, 1);
INSERT INTO `useritem` VALUES (886, 389, 1677727718, 11, 0, 3, 1);
INSERT INTO `useritem` VALUES (887, 389, 1677722660, 12, 0, 3, 1);
INSERT INTO `useritem` VALUES (888, 389, 1677722665, 13, 0, 3, 1);
INSERT INTO `useritem` VALUES (889, 389, 1677722668, 14, 0, 3, 1);
INSERT INTO `useritem` VALUES (890, 389, 1677727720, 15, 0, 3, 1);
INSERT INTO `useritem` VALUES (891, 389, 1677727725, 16, 0, 3, 1);
INSERT INTO `useritem` VALUES (892, 389, 1677727728, 17, 0, 3, 1);
INSERT INTO `useritem` VALUES (893, 389, 1677721824, 18, 0, 0, 1);
INSERT INTO `useritem` VALUES (894, 389, 1677721825, 19, 0, 0, 1);
INSERT INTO `useritem` VALUES (895, 389, 1677721827, 20, 0, 0, 1);
INSERT INTO `useritem` VALUES (896, 389, 1677721828, 21, 0, 0, 1);
INSERT INTO `useritem` VALUES (897, 389, 1677721834, 22, 0, 3, 1);
INSERT INTO `useritem` VALUES (898, 389, 1677721835, 23, 0, 3, 1);
INSERT INTO `useritem` VALUES (899, 389, 1677721837, 24, 0, 3, 1);
INSERT INTO `useritem` VALUES (900, 389, 1677721838, 25, 0, 3, 1);
INSERT INTO `useritem` VALUES (901, 389, 1677722304, 26, 0, 3, 1);
INSERT INTO `useritem` VALUES (902, 389, 1677722305, 27, 0, 3, 1);
INSERT INTO `useritem` VALUES (903, 389, 1677722307, 28, 0, 3, 1);
INSERT INTO `useritem` VALUES (904, 389, 1677722308, 29, 0, 3, 1);
INSERT INTO `useritem` VALUES (905, 389, 1677722104, 30, 0, 3, 1);
INSERT INTO `useritem` VALUES (906, 389, 1677722105, 31, 0, 3, 1);
INSERT INTO `useritem` VALUES (907, 389, 1677722107, 32, 0, 3, 1);
INSERT INTO `useritem` VALUES (908, 389, 1677722108, 33, 0, 3, 1);
INSERT INTO `useritem` VALUES (909, 389, 1677722114, 34, 0, 3, 1);
INSERT INTO `useritem` VALUES (910, 389, 1677722115, 35, 0, 3, 1);
INSERT INTO `useritem` VALUES (911, 389, 1677722117, 36, 0, 3, 1);
INSERT INTO `useritem` VALUES (912, 389, 1677722118, 37, 0, 3, 1);
INSERT INTO `useritem` VALUES (913, 389, 1677722124, 38, 0, 3, 1);
INSERT INTO `useritem` VALUES (914, 389, 1677722125, 39, 0, 3, 1);
INSERT INTO `useritem` VALUES (915, 389, 1677722127, 40, 0, 3, 1);
INSERT INTO `useritem` VALUES (916, 389, 1677722128, 41, 0, 3, 1);
INSERT INTO `useritem` VALUES (917, 389, 1677722200, 42, 0, 3, 1);
INSERT INTO `useritem` VALUES (918, 389, 1677722205, 43, 0, 3, 1);
INSERT INTO `useritem` VALUES (919, 389, 1677722208, 44, 0, 3, 1);
INSERT INTO `useritem` VALUES (920, 389, 1677722220, 45, 0, 3, 1);
INSERT INTO `useritem` VALUES (921, 389, 1677722225, 46, 0, 3, 1);
INSERT INTO `useritem` VALUES (922, 389, 1677722228, 47, 1, 3, 1);
INSERT INTO `useritem` VALUES (970, 391, 1677727650, 1, 0, 0, 1);
INSERT INTO `useritem` VALUES (971, 391, 1677727658, 2, 0, 0, 1);
INSERT INTO `useritem` VALUES (972, 391, 1677727670, 3, 0, 3, 1);
INSERT INTO `useritem` VALUES (973, 391, 1677727678, 4, 0, 3, 1);
INSERT INTO `useritem` VALUES (974, 391, 1677722600, 5, 0, 3, 1);
INSERT INTO `useritem` VALUES (975, 391, 1677722608, 6, 0, 3, 1);
INSERT INTO `useritem` VALUES (976, 391, 1677727660, 7, 0, 3, 1);
INSERT INTO `useritem` VALUES (977, 391, 1677727668, 8, 0, 3, 1);
INSERT INTO `useritem` VALUES (978, 391, 1677727710, 9, 0, 3, 1);
INSERT INTO `useritem` VALUES (979, 391, 1677727715, 10, 0, 3, 1);
INSERT INTO `useritem` VALUES (980, 391, 1677727718, 11, 0, 3, 1);
INSERT INTO `useritem` VALUES (981, 391, 1677722660, 12, 0, 3, 1);
INSERT INTO `useritem` VALUES (982, 391, 1677722665, 13, 0, 3, 1);
INSERT INTO `useritem` VALUES (983, 391, 1677722668, 14, 0, 3, 1);
INSERT INTO `useritem` VALUES (984, 391, 1677727720, 15, 0, 3, 1);
INSERT INTO `useritem` VALUES (985, 391, 1677727725, 16, 0, 3, 1);
INSERT INTO `useritem` VALUES (986, 391, 1677727728, 17, 0, 3, 1);
INSERT INTO `useritem` VALUES (987, 391, 1677721824, 18, 1, 0, 1);
INSERT INTO `useritem` VALUES (988, 391, 1677721825, 19, 1, 0, 1);
INSERT INTO `useritem` VALUES (989, 391, 1677721827, 20, 1, 0, 1);
INSERT INTO `useritem` VALUES (990, 391, 1677721828, 21, 1, 0, 1);
INSERT INTO `useritem` VALUES (991, 391, 1677721834, 22, 0, 3, 1);
INSERT INTO `useritem` VALUES (992, 391, 1677721835, 23, 0, 3, 1);
INSERT INTO `useritem` VALUES (993, 391, 1677721837, 24, 0, 3, 1);
INSERT INTO `useritem` VALUES (994, 391, 1677721838, 25, 0, 3, 1);
INSERT INTO `useritem` VALUES (995, 391, 1677722304, 26, 0, 3, 1);
INSERT INTO `useritem` VALUES (996, 391, 1677722305, 27, 0, 3, 1);
INSERT INTO `useritem` VALUES (997, 391, 1677722307, 28, 0, 3, 1);
INSERT INTO `useritem` VALUES (998, 391, 1677722308, 29, 0, 3, 1);
INSERT INTO `useritem` VALUES (999, 391, 1677722104, 30, 0, 3, 1);
INSERT INTO `useritem` VALUES (1000, 391, 1677722105, 31, 0, 3, 1);
INSERT INTO `useritem` VALUES (1001, 391, 1677722107, 32, 0, 3, 1);
INSERT INTO `useritem` VALUES (1002, 391, 1677722108, 33, 0, 3, 1);
INSERT INTO `useritem` VALUES (1003, 391, 1677722114, 34, 0, 3, 1);
INSERT INTO `useritem` VALUES (1004, 391, 1677722115, 35, 0, 3, 1);
INSERT INTO `useritem` VALUES (1005, 391, 1677722117, 36, 0, 3, 1);
INSERT INTO `useritem` VALUES (1006, 391, 1677722118, 37, 0, 3, 1);
INSERT INTO `useritem` VALUES (1007, 391, 1677722124, 38, 0, 3, 1);
INSERT INTO `useritem` VALUES (1008, 391, 1677722125, 39, 0, 3, 1);
INSERT INTO `useritem` VALUES (1009, 391, 1677722127, 40, 0, 3, 1);
INSERT INTO `useritem` VALUES (1010, 391, 1677722128, 41, 0, 3, 1);
INSERT INTO `useritem` VALUES (1011, 391, 1677722200, 42, 0, 3, 1);
INSERT INTO `useritem` VALUES (1012, 391, 1677722205, 43, 0, 3, 1);
INSERT INTO `useritem` VALUES (1013, 391, 1677722208, 44, 0, 3, 1);
INSERT INTO `useritem` VALUES (1014, 391, 1677722220, 45, 0, 3, 1);
INSERT INTO `useritem` VALUES (1015, 391, 1677722225, 46, 0, 3, 1);
INSERT INTO `useritem` VALUES (1016, 391, 1677722228, 47, 0, 3, 1);
INSERT INTO `useritem` VALUES (1017, 392, 1677727650, 1, 0, 0, 1);
INSERT INTO `useritem` VALUES (1018, 392, 1677727658, 2, 0, 0, 1);
INSERT INTO `useritem` VALUES (1019, 392, 1677727670, 3, 0, 3, 1);
INSERT INTO `useritem` VALUES (1020, 392, 1677727678, 4, 0, 3, 1);
INSERT INTO `useritem` VALUES (1021, 392, 1677722600, 5, 0, 3, 1);
INSERT INTO `useritem` VALUES (1022, 392, 1677722608, 6, 0, 3, 1);
INSERT INTO `useritem` VALUES (1023, 392, 1677727660, 7, 0, 3, 1);
INSERT INTO `useritem` VALUES (1024, 392, 1677727668, 8, 0, 3, 1);
INSERT INTO `useritem` VALUES (1025, 392, 1677727710, 9, 0, 3, 1);
INSERT INTO `useritem` VALUES (1026, 392, 1677727715, 10, 0, 3, 1);
INSERT INTO `useritem` VALUES (1027, 392, 1677727718, 11, 0, 3, 1);
INSERT INTO `useritem` VALUES (1028, 392, 1677722660, 12, 0, 3, 1);
INSERT INTO `useritem` VALUES (1029, 392, 1677722665, 13, 0, 3, 1);
INSERT INTO `useritem` VALUES (1030, 392, 1677722668, 14, 0, 3, 1);
INSERT INTO `useritem` VALUES (1031, 392, 1677727720, 15, 0, 3, 1);
INSERT INTO `useritem` VALUES (1032, 392, 1677727725, 16, 0, 3, 1);
INSERT INTO `useritem` VALUES (1033, 392, 1677727728, 17, 0, 3, 1);
INSERT INTO `useritem` VALUES (1034, 392, 1677721824, 18, 0, 0, 1);
INSERT INTO `useritem` VALUES (1035, 392, 1677721825, 19, 0, 0, 1);
INSERT INTO `useritem` VALUES (1036, 392, 1677721827, 20, 0, 0, 1);
INSERT INTO `useritem` VALUES (1037, 392, 1677721828, 21, 0, 0, 1);
INSERT INTO `useritem` VALUES (1038, 392, 1677721834, 22, 0, 3, 1);
INSERT INTO `useritem` VALUES (1039, 392, 1677721835, 23, 0, 3, 1);
INSERT INTO `useritem` VALUES (1040, 392, 1677721837, 24, 0, 3, 1);
INSERT INTO `useritem` VALUES (1041, 392, 1677721838, 25, 0, 3, 1);
INSERT INTO `useritem` VALUES (1042, 392, 1677722304, 26, 0, 3, 1);
INSERT INTO `useritem` VALUES (1043, 392, 1677722305, 27, 0, 3, 1);
INSERT INTO `useritem` VALUES (1044, 392, 1677722307, 28, 0, 3, 1);
INSERT INTO `useritem` VALUES (1045, 392, 1677722308, 29, 0, 3, 1);
INSERT INTO `useritem` VALUES (1046, 392, 1677722104, 30, 0, 3, 1);
INSERT INTO `useritem` VALUES (1047, 392, 1677722105, 31, 0, 3, 1);
INSERT INTO `useritem` VALUES (1048, 392, 1677722107, 32, 0, 3, 1);
INSERT INTO `useritem` VALUES (1049, 392, 1677722108, 33, 0, 3, 1);
INSERT INTO `useritem` VALUES (1050, 392, 1677722114, 34, 0, 3, 1);
INSERT INTO `useritem` VALUES (1051, 392, 1677722115, 35, 0, 3, 1);
INSERT INTO `useritem` VALUES (1052, 392, 1677722117, 36, 0, 3, 1);
INSERT INTO `useritem` VALUES (1053, 392, 1677722118, 37, 0, 3, 1);
INSERT INTO `useritem` VALUES (1054, 392, 1677722124, 38, 0, 3, 1);
INSERT INTO `useritem` VALUES (1055, 392, 1677722125, 39, 0, 3, 1);
INSERT INTO `useritem` VALUES (1056, 392, 1677722127, 40, 0, 3, 1);
INSERT INTO `useritem` VALUES (1057, 392, 1677722128, 41, 0, 3, 1);
INSERT INTO `useritem` VALUES (1058, 392, 1677722200, 42, 0, 3, 1);
INSERT INTO `useritem` VALUES (1059, 392, 1677722205, 43, 0, 3, 1);
INSERT INTO `useritem` VALUES (1060, 392, 1677722208, 44, 0, 3, 1);
INSERT INTO `useritem` VALUES (1061, 392, 1677722220, 45, 1, 3, 1);
INSERT INTO `useritem` VALUES (1062, 392, 1677722225, 46, 1, 3, 1);
INSERT INTO `useritem` VALUES (1063, 392, 1677722228, 47, 1, 3, 1);
INSERT INTO `useritem` VALUES (1112, 394, 1677727658, 2, 0, 3, 1);
INSERT INTO `useritem` VALUES (1113, 394, 1677727670, 3, 0, 3, 1);
INSERT INTO `useritem` VALUES (1114, 394, 1677727678, 4, 0, 3, 1);
INSERT INTO `useritem` VALUES (1115, 394, 1677722600, 5, 0, 3, 1);
INSERT INTO `useritem` VALUES (1116, 394, 1677722608, 6, 0, 3, 1);
INSERT INTO `useritem` VALUES (1117, 394, 1677727660, 7, 0, 3, 1);
INSERT INTO `useritem` VALUES (1118, 394, 1677727668, 8, 0, 3, 1);
INSERT INTO `useritem` VALUES (1119, 394, 1677727710, 9, 0, 3, 1);
INSERT INTO `useritem` VALUES (1120, 394, 1677727715, 10, 0, 3, 1);
INSERT INTO `useritem` VALUES (1121, 394, 1677727718, 11, 0, 3, 1);
INSERT INTO `useritem` VALUES (1122, 394, 1677722660, 12, 0, 3, 1);
INSERT INTO `useritem` VALUES (1123, 394, 1677722665, 13, 0, 3, 1);
INSERT INTO `useritem` VALUES (1124, 394, 1677722668, 14, 0, 3, 1);
INSERT INTO `useritem` VALUES (1125, 394, 1677727720, 15, 0, 3, 1);
INSERT INTO `useritem` VALUES (1126, 394, 1677727725, 16, 0, 3, 1);
INSERT INTO `useritem` VALUES (1127, 394, 1677727728, 17, 0, 3, 1);
INSERT INTO `useritem` VALUES (1128, 394, 1677721824, 18, 0, 0, 1);
INSERT INTO `useritem` VALUES (1129, 394, 1677721825, 19, 0, 0, 1);
INSERT INTO `useritem` VALUES (1130, 394, 1677721827, 20, 0, 0, 1);
INSERT INTO `useritem` VALUES (1131, 394, 1677721828, 21, 0, 0, 1);
INSERT INTO `useritem` VALUES (1132, 394, 1677721834, 22, 0, 3, 1);
INSERT INTO `useritem` VALUES (1133, 394, 1677721835, 23, 0, 3, 1);
INSERT INTO `useritem` VALUES (1134, 394, 1677721837, 24, 0, 3, 1);
INSERT INTO `useritem` VALUES (1135, 394, 1677721838, 25, 0, 3, 1);
INSERT INTO `useritem` VALUES (1136, 394, 1677722304, 26, 1, 3, 1);
INSERT INTO `useritem` VALUES (1137, 394, 1677722305, 27, 1, 3, 1);
INSERT INTO `useritem` VALUES (1138, 394, 1677722307, 28, 1, 3, 1);
INSERT INTO `useritem` VALUES (1139, 394, 1677722308, 29, 1, 3, 1);
INSERT INTO `useritem` VALUES (1140, 394, 1677722104, 30, 0, 3, 1);
INSERT INTO `useritem` VALUES (1141, 394, 1677722105, 31, 0, 3, 1);
INSERT INTO `useritem` VALUES (1142, 394, 1677722107, 32, 0, 3, 1);
INSERT INTO `useritem` VALUES (1143, 394, 1677722108, 33, 0, 3, 1);
INSERT INTO `useritem` VALUES (1144, 394, 1677722114, 34, 0, 3, 1);
INSERT INTO `useritem` VALUES (1145, 394, 1677722115, 35, 0, 3, 1);
INSERT INTO `useritem` VALUES (1146, 394, 1677722117, 36, 0, 3, 1);
INSERT INTO `useritem` VALUES (1147, 394, 1677722118, 37, 0, 3, 1);
INSERT INTO `useritem` VALUES (1148, 394, 1677722124, 38, 0, 3, 1);
INSERT INTO `useritem` VALUES (1149, 394, 1677722125, 39, 0, 3, 1);
INSERT INTO `useritem` VALUES (1150, 394, 1677722127, 40, 0, 3, 1);
INSERT INTO `useritem` VALUES (1151, 394, 1677722128, 41, 0, 3, 1);
INSERT INTO `useritem` VALUES (1152, 394, 1677722200, 42, 0, 3, 1);
INSERT INTO `useritem` VALUES (1153, 394, 1677722205, 43, 0, 3, 1);
INSERT INTO `useritem` VALUES (1154, 394, 1677722208, 44, 0, 3, 1);
INSERT INTO `useritem` VALUES (1155, 394, 1677722220, 45, 0, 3, 1);
INSERT INTO `useritem` VALUES (1156, 394, 1677722225, 46, 0, 3, 1);
INSERT INTO `useritem` VALUES (1157, 394, 1677722228, 47, 0, 3, 1);
INSERT INTO `useritem` VALUES (1207, 396, 1677727650, 1, 0, 3, 1);
INSERT INTO `useritem` VALUES (1208, 396, 1677727658, 2, 0, 3, 1);
INSERT INTO `useritem` VALUES (1209, 396, 1677727670, 3, 0, 3, 1);
INSERT INTO `useritem` VALUES (1210, 396, 1677727678, 4, 0, 3, 1);
INSERT INTO `useritem` VALUES (1211, 396, 1677722600, 5, 0, 3, 1);
INSERT INTO `useritem` VALUES (1212, 396, 1677722608, 6, 0, 3, 1);
INSERT INTO `useritem` VALUES (1213, 396, 1677727660, 7, 1, 3, 1);
INSERT INTO `useritem` VALUES (1214, 396, 1677727668, 8, 1, 3, 1);
INSERT INTO `useritem` VALUES (1215, 396, 1677727710, 9, 0, 3, 1);
INSERT INTO `useritem` VALUES (1216, 396, 1677727715, 10, 0, 3, 1);
INSERT INTO `useritem` VALUES (1217, 396, 1677727718, 11, 0, 3, 1);
INSERT INTO `useritem` VALUES (1218, 396, 1677722660, 12, 0, 3, 1);
INSERT INTO `useritem` VALUES (1219, 396, 1677722665, 13, 0, 3, 1);
INSERT INTO `useritem` VALUES (1220, 396, 1677722668, 14, 0, 3, 1);
INSERT INTO `useritem` VALUES (1221, 396, 1677727720, 15, 0, 3, 1);
INSERT INTO `useritem` VALUES (1222, 396, 1677727725, 16, 0, 3, 1);
INSERT INTO `useritem` VALUES (1223, 396, 1677727728, 17, 0, 3, 1);
INSERT INTO `useritem` VALUES (1224, 396, 1677721824, 18, 0, 0, 1);
INSERT INTO `useritem` VALUES (1225, 396, 1677721825, 19, 0, 0, 1);
INSERT INTO `useritem` VALUES (1226, 396, 1677721827, 20, 0, 0, 1);
INSERT INTO `useritem` VALUES (1227, 396, 1677721828, 21, 0, 0, 1);
INSERT INTO `useritem` VALUES (1228, 396, 1677721834, 22, 0, 3, 1);
INSERT INTO `useritem` VALUES (1229, 396, 1677721835, 23, 0, 3, 1);
INSERT INTO `useritem` VALUES (1230, 396, 1677721837, 24, 0, 3, 1);
INSERT INTO `useritem` VALUES (1231, 396, 1677721838, 25, 0, 3, 1);
INSERT INTO `useritem` VALUES (1232, 396, 1677722304, 26, 0, 3, 1);
INSERT INTO `useritem` VALUES (1233, 396, 1677722305, 27, 0, 3, 1);
INSERT INTO `useritem` VALUES (1234, 396, 1677722307, 28, 0, 3, 1);
INSERT INTO `useritem` VALUES (1235, 396, 1677722308, 29, 0, 3, 1);
INSERT INTO `useritem` VALUES (1236, 396, 1677722104, 30, 0, 3, 1);
INSERT INTO `useritem` VALUES (1237, 396, 1677722105, 31, 0, 3, 1);
INSERT INTO `useritem` VALUES (1238, 396, 1677722107, 32, 0, 3, 1);
INSERT INTO `useritem` VALUES (1239, 396, 1677722108, 33, 0, 3, 1);
INSERT INTO `useritem` VALUES (1240, 396, 1677722114, 34, 0, 3, 1);
INSERT INTO `useritem` VALUES (1241, 396, 1677722115, 35, 0, 3, 1);
INSERT INTO `useritem` VALUES (1242, 396, 1677722117, 36, 0, 3, 1);
INSERT INTO `useritem` VALUES (1243, 396, 1677722118, 37, 0, 3, 1);
INSERT INTO `useritem` VALUES (1244, 396, 1677722124, 38, 0, 3, 1);
INSERT INTO `useritem` VALUES (1245, 396, 1677722125, 39, 0, 3, 1);
INSERT INTO `useritem` VALUES (1246, 396, 1677722127, 40, 0, 3, 1);
INSERT INTO `useritem` VALUES (1247, 396, 1677722128, 41, 0, 3, 1);
INSERT INTO `useritem` VALUES (1248, 396, 1677722200, 42, 0, 3, 1);
INSERT INTO `useritem` VALUES (1249, 396, 1677722205, 43, 0, 3, 1);
INSERT INTO `useritem` VALUES (1250, 396, 1677722208, 44, 0, 3, 1);
INSERT INTO `useritem` VALUES (1251, 396, 1677722220, 45, 0, 3, 1);
INSERT INTO `useritem` VALUES (1252, 396, 1677722225, 46, 0, 3, 1);
INSERT INTO `useritem` VALUES (1253, 396, 1677722228, 47, 0, 3, 1);
INSERT INTO `useritem` VALUES (1301, 398, 1677727650, 1, 0, 3, 1);
INSERT INTO `useritem` VALUES (1302, 398, 1677727658, 2, 0, 3, 1);
INSERT INTO `useritem` VALUES (1303, 398, 1677727670, 3, 0, 3, 1);
INSERT INTO `useritem` VALUES (1304, 398, 1677727678, 4, 0, 3, 1);
INSERT INTO `useritem` VALUES (1305, 398, 1677722600, 5, 0, 3, 1);
INSERT INTO `useritem` VALUES (1306, 398, 1677722608, 6, 0, 3, 1);
INSERT INTO `useritem` VALUES (1307, 398, 1677727660, 7, 0, 3, 1);
INSERT INTO `useritem` VALUES (1308, 398, 1677727668, 8, 0, 3, 1);
INSERT INTO `useritem` VALUES (1309, 398, 1677727710, 9, 0, 3, 1);
INSERT INTO `useritem` VALUES (1310, 398, 1677727715, 10, 0, 3, 1);
INSERT INTO `useritem` VALUES (1311, 398, 1677727718, 11, 0, 3, 1);
INSERT INTO `useritem` VALUES (1312, 398, 1677722660, 12, 0, 3, 1);
INSERT INTO `useritem` VALUES (1313, 398, 1677722665, 13, 0, 3, 1);
INSERT INTO `useritem` VALUES (1314, 398, 1677722668, 14, 0, 3, 1);
INSERT INTO `useritem` VALUES (1315, 398, 1677727720, 15, 0, 3, 1);
INSERT INTO `useritem` VALUES (1316, 398, 1677727725, 16, 0, 3, 1);
INSERT INTO `useritem` VALUES (1317, 398, 1677727728, 17, 0, 3, 1);
INSERT INTO `useritem` VALUES (1318, 398, 1677721824, 18, 0, 0, 1);
INSERT INTO `useritem` VALUES (1319, 398, 1677721825, 19, 0, 0, 1);
INSERT INTO `useritem` VALUES (1320, 398, 1677721827, 20, 0, 0, 1);
INSERT INTO `useritem` VALUES (1321, 398, 1677721828, 21, 0, 0, 1);
INSERT INTO `useritem` VALUES (1322, 398, 1677721834, 22, 0, 3, 1);
INSERT INTO `useritem` VALUES (1323, 398, 1677721835, 23, 0, 3, 1);
INSERT INTO `useritem` VALUES (1324, 398, 1677721837, 24, 0, 3, 1);
INSERT INTO `useritem` VALUES (1325, 398, 1677721838, 25, 0, 3, 1);
INSERT INTO `useritem` VALUES (1326, 398, 1677722304, 26, 0, 3, 1);
INSERT INTO `useritem` VALUES (1327, 398, 1677722305, 27, 0, 3, 1);
INSERT INTO `useritem` VALUES (1328, 398, 1677722307, 28, 0, 3, 1);
INSERT INTO `useritem` VALUES (1329, 398, 1677722308, 29, 0, 3, 1);
INSERT INTO `useritem` VALUES (1330, 398, 1677722104, 30, 0, 3, 1);
INSERT INTO `useritem` VALUES (1331, 398, 1677722105, 31, 0, 3, 1);
INSERT INTO `useritem` VALUES (1332, 398, 1677722107, 32, 0, 3, 1);
INSERT INTO `useritem` VALUES (1333, 398, 1677722108, 33, 0, 3, 1);
INSERT INTO `useritem` VALUES (1334, 398, 1677722114, 34, 0, 3, 1);
INSERT INTO `useritem` VALUES (1335, 398, 1677722115, 35, 0, 3, 1);
INSERT INTO `useritem` VALUES (1336, 398, 1677722117, 36, 0, 3, 1);
INSERT INTO `useritem` VALUES (1337, 398, 1677722118, 37, 0, 3, 1);
INSERT INTO `useritem` VALUES (1338, 398, 1677722124, 38, 0, 3, 1);
INSERT INTO `useritem` VALUES (1339, 398, 1677722125, 39, 0, 3, 1);
INSERT INTO `useritem` VALUES (1340, 398, 1677722127, 40, 0, 3, 1);
INSERT INTO `useritem` VALUES (1341, 398, 1677722128, 41, 0, 3, 1);
INSERT INTO `useritem` VALUES (1342, 398, 1677722200, 42, 0, 3, 1);
INSERT INTO `useritem` VALUES (1343, 398, 1677722205, 43, 0, 3, 1);
INSERT INTO `useritem` VALUES (1344, 398, 1677722208, 44, 0, 3, 1);
INSERT INTO `useritem` VALUES (1345, 398, 1677722220, 45, 1, 3, 1);
INSERT INTO `useritem` VALUES (1346, 398, 1677722225, 46, 1, 3, 1);
INSERT INTO `useritem` VALUES (1347, 398, 1677722228, 47, 1, 3, 1);
INSERT INTO `useritem` VALUES (1348, 399, 1677727650, 1, 0, 3, 1);
INSERT INTO `useritem` VALUES (1349, 399, 1677727658, 2, 0, 3, 1);
INSERT INTO `useritem` VALUES (1350, 399, 1677727670, 3, 0, 3, 1);
INSERT INTO `useritem` VALUES (1351, 399, 1677727678, 4, 0, 3, 1);
INSERT INTO `useritem` VALUES (1352, 399, 1677722600, 5, 0, 3, 1);
INSERT INTO `useritem` VALUES (1353, 399, 1677722608, 6, 0, 3, 1);
INSERT INTO `useritem` VALUES (1354, 399, 1677727660, 7, 0, 3, 1);
INSERT INTO `useritem` VALUES (1355, 399, 1677727668, 8, 0, 3, 1);
INSERT INTO `useritem` VALUES (1356, 399, 1677727710, 9, 0, 3, 1);
INSERT INTO `useritem` VALUES (1357, 399, 1677727715, 10, 0, 3, 1);
INSERT INTO `useritem` VALUES (1358, 399, 1677727718, 11, 0, 3, 1);
INSERT INTO `useritem` VALUES (1359, 399, 1677722660, 12, 0, 3, 1);
INSERT INTO `useritem` VALUES (1360, 399, 1677722665, 13, 0, 3, 1);
INSERT INTO `useritem` VALUES (1361, 399, 1677722668, 14, 0, 3, 1);
INSERT INTO `useritem` VALUES (1362, 399, 1677727720, 15, 0, 3, 1);
INSERT INTO `useritem` VALUES (1363, 399, 1677727725, 16, 0, 3, 1);
INSERT INTO `useritem` VALUES (1364, 399, 1677727728, 17, 0, 3, 1);
INSERT INTO `useritem` VALUES (1365, 399, 1677721824, 18, 0, 0, 1);
INSERT INTO `useritem` VALUES (1366, 399, 1677721825, 19, 1, 0, 1);
INSERT INTO `useritem` VALUES (1367, 399, 1677721827, 20, 0, 0, 1);
INSERT INTO `useritem` VALUES (1368, 399, 1677721828, 21, 0, 0, 1);
INSERT INTO `useritem` VALUES (1369, 399, 1677721834, 22, 0, 3, 1);
INSERT INTO `useritem` VALUES (1370, 399, 1677721835, 23, 0, 3, 1);
INSERT INTO `useritem` VALUES (1371, 399, 1677721837, 24, 0, 3, 1);
INSERT INTO `useritem` VALUES (1372, 399, 1677721838, 25, 0, 3, 1);
INSERT INTO `useritem` VALUES (1373, 399, 1677722304, 26, 0, 3, 1);
INSERT INTO `useritem` VALUES (1374, 399, 1677722305, 27, 0, 3, 1);
INSERT INTO `useritem` VALUES (1375, 399, 1677722307, 28, 0, 3, 1);
INSERT INTO `useritem` VALUES (1376, 399, 1677722308, 29, 0, 3, 1);
INSERT INTO `useritem` VALUES (1377, 399, 1677722104, 30, 0, 3, 1);
INSERT INTO `useritem` VALUES (1378, 399, 1677722105, 31, 0, 3, 1);
INSERT INTO `useritem` VALUES (1379, 399, 1677722107, 32, 0, 3, 1);
INSERT INTO `useritem` VALUES (1380, 399, 1677722108, 33, 1, 3, 1);
INSERT INTO `useritem` VALUES (1381, 399, 1677722114, 34, 0, 3, 1);
INSERT INTO `useritem` VALUES (1382, 399, 1677722115, 35, 0, 3, 1);
INSERT INTO `useritem` VALUES (1383, 399, 1677722117, 36, 0, 3, 1);
INSERT INTO `useritem` VALUES (1384, 399, 1677722118, 37, 0, 3, 1);
INSERT INTO `useritem` VALUES (1385, 399, 1677722124, 38, 0, 3, 1);
INSERT INTO `useritem` VALUES (1386, 399, 1677722125, 39, 0, 3, 1);
INSERT INTO `useritem` VALUES (1387, 399, 1677722127, 40, 0, 3, 1);
INSERT INTO `useritem` VALUES (1388, 399, 1677722128, 41, 0, 3, 1);
INSERT INTO `useritem` VALUES (1389, 399, 1677722200, 42, 0, 3, 1);
INSERT INTO `useritem` VALUES (1390, 399, 1677722205, 43, 0, 3, 1);
INSERT INTO `useritem` VALUES (1391, 399, 1677722208, 44, 0, 3, 1);
INSERT INTO `useritem` VALUES (1392, 399, 1677722220, 45, 1, 3, 1);
INSERT INTO `useritem` VALUES (1393, 399, 1677722225, 46, 0, 3, 1);
INSERT INTO `useritem` VALUES (1394, 399, 1677722228, 47, 0, 3, 1);
INSERT INTO `useritem` VALUES (1489, 402, 1677727650, 1, 0, 3, 1);
INSERT INTO `useritem` VALUES (1490, 402, 1677727658, 2, 0, 3, 1);
INSERT INTO `useritem` VALUES (1491, 402, 1677727670, 3, 0, 3, 1);
INSERT INTO `useritem` VALUES (1492, 402, 1677727678, 4, 0, 3, 1);
INSERT INTO `useritem` VALUES (1493, 402, 1677722600, 5, 0, 3, 1);
INSERT INTO `useritem` VALUES (1494, 402, 1677722608, 6, 0, 3, 1);
INSERT INTO `useritem` VALUES (1495, 402, 1677727660, 7, 0, 3, 1);
INSERT INTO `useritem` VALUES (1496, 402, 1677727668, 8, 0, 3, 1);
INSERT INTO `useritem` VALUES (1497, 402, 1677727710, 9, 0, 3, 1);
INSERT INTO `useritem` VALUES (1498, 402, 1677727715, 10, 0, 3, 1);
INSERT INTO `useritem` VALUES (1499, 402, 1677727718, 11, 0, 3, 1);
INSERT INTO `useritem` VALUES (1500, 402, 1677722660, 12, 0, 3, 1);
INSERT INTO `useritem` VALUES (1501, 402, 1677722665, 13, 0, 3, 1);
INSERT INTO `useritem` VALUES (1502, 402, 1677722668, 14, 0, 3, 1);
INSERT INTO `useritem` VALUES (1503, 402, 1677727720, 15, 0, 3, 1);
INSERT INTO `useritem` VALUES (1504, 402, 1677727725, 16, 0, 3, 1);
INSERT INTO `useritem` VALUES (1505, 402, 1677727728, 17, 0, 3, 1);
INSERT INTO `useritem` VALUES (1506, 402, 1677721824, 18, 1, 0, 1);
INSERT INTO `useritem` VALUES (1507, 402, 1677721825, 19, 1, 0, 1);
INSERT INTO `useritem` VALUES (1508, 402, 1677721827, 20, 1, 0, 1);
INSERT INTO `useritem` VALUES (1509, 402, 1677721828, 21, 1, 0, 1);
INSERT INTO `useritem` VALUES (1510, 402, 1677721834, 22, 0, 3, 1);
INSERT INTO `useritem` VALUES (1511, 402, 1677721835, 23, 0, 3, 1);
INSERT INTO `useritem` VALUES (1512, 402, 1677721837, 24, 0, 3, 1);
INSERT INTO `useritem` VALUES (1513, 402, 1677721838, 25, 0, 3, 1);
INSERT INTO `useritem` VALUES (1514, 402, 1677722304, 26, 0, 3, 1);
INSERT INTO `useritem` VALUES (1515, 402, 1677722305, 27, 0, 3, 1);
INSERT INTO `useritem` VALUES (1516, 402, 1677722307, 28, 0, 3, 1);
INSERT INTO `useritem` VALUES (1517, 402, 1677722308, 29, 0, 3, 1);
INSERT INTO `useritem` VALUES (1518, 402, 1677722104, 30, 0, 3, 1);
INSERT INTO `useritem` VALUES (1519, 402, 1677722105, 31, 0, 3, 1);
INSERT INTO `useritem` VALUES (1520, 402, 1677722107, 32, 0, 3, 1);
INSERT INTO `useritem` VALUES (1521, 402, 1677722108, 33, 0, 3, 1);
INSERT INTO `useritem` VALUES (1522, 402, 1677722114, 34, 0, 3, 1);
INSERT INTO `useritem` VALUES (1523, 402, 1677722115, 35, 0, 3, 1);
INSERT INTO `useritem` VALUES (1524, 402, 1677722117, 36, 0, 3, 1);
INSERT INTO `useritem` VALUES (1525, 402, 1677722118, 37, 0, 3, 1);
INSERT INTO `useritem` VALUES (1526, 402, 1677722124, 38, 0, 3, 1);
INSERT INTO `useritem` VALUES (1527, 402, 1677722125, 39, 0, 3, 1);
INSERT INTO `useritem` VALUES (1528, 402, 1677722127, 40, 0, 3, 1);
INSERT INTO `useritem` VALUES (1529, 402, 1677722128, 41, 0, 3, 1);
INSERT INTO `useritem` VALUES (1530, 402, 1677722200, 42, 0, 3, 1);
INSERT INTO `useritem` VALUES (1531, 402, 1677722205, 43, 0, 3, 1);
INSERT INTO `useritem` VALUES (1532, 402, 1677722208, 44, 0, 3, 1);
INSERT INTO `useritem` VALUES (1533, 402, 1677722220, 45, 0, 3, 1);
INSERT INTO `useritem` VALUES (1534, 402, 1677722225, 46, 0, 3, 1);
INSERT INTO `useritem` VALUES (1535, 402, 1677722228, 47, 0, 3, 1);
INSERT INTO `useritem` VALUES (1537, 403, 1677727658, 2, 0, 3, 1);
INSERT INTO `useritem` VALUES (1538, 403, 1677727670, 3, 0, 3, 1);
INSERT INTO `useritem` VALUES (1539, 403, 1677727678, 4, 0, 3, 1);
INSERT INTO `useritem` VALUES (1540, 403, 1677722600, 5, 0, 3, 1);
INSERT INTO `useritem` VALUES (1541, 403, 1677722608, 6, 1, 3, 1);
INSERT INTO `useritem` VALUES (1542, 403, 1677727660, 7, 1, 3, 1);
INSERT INTO `useritem` VALUES (1543, 403, 1677727668, 8, 0, 3, 1);
INSERT INTO `useritem` VALUES (1544, 403, 1677727710, 9, 0, 3, 1);
INSERT INTO `useritem` VALUES (1545, 403, 1677727715, 10, 0, 3, 1);
INSERT INTO `useritem` VALUES (1546, 403, 1677727718, 11, 0, 3, 1);
INSERT INTO `useritem` VALUES (1547, 403, 1677722660, 12, 0, 3, 1);
INSERT INTO `useritem` VALUES (1548, 403, 1677722665, 13, 0, 3, 1);
INSERT INTO `useritem` VALUES (1549, 403, 1677722668, 14, 0, 3, 1);
INSERT INTO `useritem` VALUES (1550, 403, 1677727720, 15, 0, 3, 1);
INSERT INTO `useritem` VALUES (1551, 403, 1677727725, 16, 0, 3, 1);
INSERT INTO `useritem` VALUES (1552, 403, 1677727728, 17, 0, 3, 1);
INSERT INTO `useritem` VALUES (1553, 403, 1677721824, 18, 0, 0, 1);
INSERT INTO `useritem` VALUES (1554, 403, 1677721825, 19, 0, 0, 1);
INSERT INTO `useritem` VALUES (1555, 403, 1677721827, 20, 0, 0, 1);
INSERT INTO `useritem` VALUES (1556, 403, 1677721828, 21, 0, 0, 1);
INSERT INTO `useritem` VALUES (1557, 403, 1677721834, 22, 0, 3, 1);
INSERT INTO `useritem` VALUES (1558, 403, 1677721835, 23, 0, 3, 1);
INSERT INTO `useritem` VALUES (1559, 403, 1677721837, 24, 0, 3, 1);
INSERT INTO `useritem` VALUES (1560, 403, 1677721838, 25, 0, 3, 1);
INSERT INTO `useritem` VALUES (1561, 403, 1677722304, 26, 0, 3, 1);
INSERT INTO `useritem` VALUES (1562, 403, 1677722305, 27, 0, 3, 1);
INSERT INTO `useritem` VALUES (1563, 403, 1677722307, 28, 0, 3, 1);
INSERT INTO `useritem` VALUES (1564, 403, 1677722308, 29, 0, 3, 1);
INSERT INTO `useritem` VALUES (1565, 403, 1677722104, 30, 0, 3, 1);
INSERT INTO `useritem` VALUES (1566, 403, 1677722105, 31, 0, 3, 1);
INSERT INTO `useritem` VALUES (1567, 403, 1677722107, 32, 0, 3, 1);
INSERT INTO `useritem` VALUES (1568, 403, 1677722108, 33, 0, 3, 1);
INSERT INTO `useritem` VALUES (1569, 403, 1677722114, 34, 0, 3, 1);
INSERT INTO `useritem` VALUES (1570, 403, 1677722115, 35, 0, 3, 1);
INSERT INTO `useritem` VALUES (1571, 403, 1677722117, 36, 0, 3, 1);
INSERT INTO `useritem` VALUES (1572, 403, 1677722118, 37, 0, 3, 1);
INSERT INTO `useritem` VALUES (1573, 403, 1677722124, 38, 0, 3, 1);
INSERT INTO `useritem` VALUES (1574, 403, 1677722125, 39, 0, 3, 1);
INSERT INTO `useritem` VALUES (1575, 403, 1677722127, 40, 0, 3, 1);
INSERT INTO `useritem` VALUES (1576, 403, 1677722128, 41, 0, 3, 1);
INSERT INTO `useritem` VALUES (1577, 403, 1677722200, 42, 0, 3, 1);
INSERT INTO `useritem` VALUES (1578, 403, 1677722205, 43, 0, 3, 1);
INSERT INTO `useritem` VALUES (1579, 403, 1677722208, 44, 0, 3, 1);
INSERT INTO `useritem` VALUES (1580, 403, 1677722220, 45, 0, 3, 1);
INSERT INTO `useritem` VALUES (1581, 403, 1677722225, 46, 0, 3, 1);
INSERT INTO `useritem` VALUES (1582, 403, 1677722228, 47, 0, 3, 1);
INSERT INTO `useritem` VALUES (1584, 403, 1677727650, 1, 0, 3, 1);
INSERT INTO `useritem` VALUES (1773, 408, 1677727650, 1, 0, 3, 1);
INSERT INTO `useritem` VALUES (1774, 408, 1677727658, 2, 0, 3, 1);
INSERT INTO `useritem` VALUES (1775, 408, 1677727670, 3, 0, 3, 1);
INSERT INTO `useritem` VALUES (1776, 408, 1677727678, 4, 0, 3, 1);
INSERT INTO `useritem` VALUES (1777, 408, 1677722600, 5, 0, 3, 1);
INSERT INTO `useritem` VALUES (1778, 408, 1677722608, 6, 0, 3, 1);
INSERT INTO `useritem` VALUES (1779, 408, 1677727660, 7, 0, 3, 1);
INSERT INTO `useritem` VALUES (1780, 408, 1677727668, 8, 0, 3, 1);
INSERT INTO `useritem` VALUES (1781, 408, 1677727710, 9, 0, 3, 1);
INSERT INTO `useritem` VALUES (1782, 408, 1677727715, 10, 1, 3, 1);
INSERT INTO `useritem` VALUES (1783, 408, 1677727718, 11, 1, 3, 1);
INSERT INTO `useritem` VALUES (1784, 408, 1677722660, 12, 1, 3, 1);
INSERT INTO `useritem` VALUES (1785, 408, 1677722665, 13, 0, 3, 1);
INSERT INTO `useritem` VALUES (1786, 408, 1677722668, 14, 0, 3, 1);
INSERT INTO `useritem` VALUES (1787, 408, 1677727720, 15, 0, 3, 1);
INSERT INTO `useritem` VALUES (1788, 408, 1677727725, 16, 0, 3, 1);
INSERT INTO `useritem` VALUES (1789, 408, 1677727728, 17, 0, 3, 1);
INSERT INTO `useritem` VALUES (1790, 408, 1677721824, 18, 0, 0, 1);
INSERT INTO `useritem` VALUES (1791, 408, 1677721825, 19, 0, 0, 1);
INSERT INTO `useritem` VALUES (1792, 408, 1677721827, 20, 0, 0, 1);
INSERT INTO `useritem` VALUES (1793, 408, 1677721828, 21, 0, 0, 1);
INSERT INTO `useritem` VALUES (1794, 408, 1677721834, 22, 0, 3, 1);
INSERT INTO `useritem` VALUES (1795, 408, 1677721835, 23, 0, 3, 1);
INSERT INTO `useritem` VALUES (1796, 408, 1677721837, 24, 0, 3, 1);
INSERT INTO `useritem` VALUES (1797, 408, 1677721838, 25, 0, 3, 1);
INSERT INTO `useritem` VALUES (1798, 408, 1677722304, 26, 0, 3, 1);
INSERT INTO `useritem` VALUES (1799, 408, 1677722305, 27, 0, 3, 1);
INSERT INTO `useritem` VALUES (1800, 408, 1677722307, 28, 0, 3, 1);
INSERT INTO `useritem` VALUES (1801, 408, 1677722308, 29, 0, 3, 1);
INSERT INTO `useritem` VALUES (1802, 408, 1677722104, 30, 0, 3, 1);
INSERT INTO `useritem` VALUES (1803, 408, 1677722105, 31, 0, 3, 1);
INSERT INTO `useritem` VALUES (1804, 408, 1677722107, 32, 0, 3, 1);
INSERT INTO `useritem` VALUES (1805, 408, 1677722108, 33, 0, 3, 1);
INSERT INTO `useritem` VALUES (1806, 408, 1677722114, 34, 0, 3, 1);
INSERT INTO `useritem` VALUES (1807, 408, 1677722115, 35, 0, 3, 1);
INSERT INTO `useritem` VALUES (1808, 408, 1677722117, 36, 0, 3, 1);
INSERT INTO `useritem` VALUES (1809, 408, 1677722118, 37, 0, 3, 1);
INSERT INTO `useritem` VALUES (1810, 408, 1677722124, 38, 0, 3, 1);
INSERT INTO `useritem` VALUES (1811, 408, 1677722125, 39, 0, 3, 1);
INSERT INTO `useritem` VALUES (1812, 408, 1677722127, 40, 0, 3, 1);
INSERT INTO `useritem` VALUES (1813, 408, 1677722128, 41, 0, 3, 1);
INSERT INTO `useritem` VALUES (1814, 408, 1677722200, 42, 0, 3, 1);
INSERT INTO `useritem` VALUES (1815, 408, 1677722205, 43, 0, 3, 1);
INSERT INTO `useritem` VALUES (1816, 408, 1677722208, 44, 0, 3, 1);
INSERT INTO `useritem` VALUES (1817, 408, 1677722220, 45, 0, 3, 1);
INSERT INTO `useritem` VALUES (1818, 408, 1677722225, 46, 0, 3, 1);
INSERT INTO `useritem` VALUES (1819, 408, 1677722228, 47, 0, 3, 1);
INSERT INTO `useritem` VALUES (1820, 408, 1677727650, 48, 0, 3, 1);
INSERT INTO `useritem` VALUES (1821, 409, 1677727650, 1, 0, 3, 1);
INSERT INTO `useritem` VALUES (1822, 409, 1677727658, 2, 0, 3, 1);
INSERT INTO `useritem` VALUES (1823, 409, 1677727670, 3, 1, 3, 1);
INSERT INTO `useritem` VALUES (1824, 409, 1677727678, 4, 1, 3, 1);
INSERT INTO `useritem` VALUES (1825, 409, 1677722600, 5, 0, 3, 1);
INSERT INTO `useritem` VALUES (1826, 409, 1677722608, 6, 0, 3, 1);
INSERT INTO `useritem` VALUES (1827, 409, 1677727660, 7, 0, 3, 1);
INSERT INTO `useritem` VALUES (1828, 409, 1677727668, 8, 0, 3, 1);
INSERT INTO `useritem` VALUES (1829, 409, 1677727710, 9, 0, 3, 1);
INSERT INTO `useritem` VALUES (1830, 409, 1677727715, 10, 0, 3, 1);
INSERT INTO `useritem` VALUES (1831, 409, 1677727718, 11, 0, 3, 1);
INSERT INTO `useritem` VALUES (1832, 409, 1677722660, 12, 0, 3, 1);
INSERT INTO `useritem` VALUES (1833, 409, 1677722665, 13, 0, 3, 1);
INSERT INTO `useritem` VALUES (1834, 409, 1677722668, 14, 0, 3, 1);
INSERT INTO `useritem` VALUES (1835, 409, 1677727720, 15, 0, 3, 1);
INSERT INTO `useritem` VALUES (1836, 409, 1677727725, 16, 0, 3, 1);
INSERT INTO `useritem` VALUES (1837, 409, 1677727728, 17, 0, 3, 1);
INSERT INTO `useritem` VALUES (1838, 409, 1677721824, 18, 0, 0, 1);
INSERT INTO `useritem` VALUES (1839, 409, 1677721825, 19, 0, 0, 1);
INSERT INTO `useritem` VALUES (1840, 409, 1677721827, 20, 0, 0, 1);
INSERT INTO `useritem` VALUES (1841, 409, 1677721828, 21, 0, 0, 1);
INSERT INTO `useritem` VALUES (1842, 409, 1677721834, 22, 0, 3, 1);
INSERT INTO `useritem` VALUES (1843, 409, 1677721835, 23, 0, 3, 1);
INSERT INTO `useritem` VALUES (1844, 409, 1677721837, 24, 0, 3, 1);
INSERT INTO `useritem` VALUES (1845, 409, 1677721838, 25, 0, 3, 1);
INSERT INTO `useritem` VALUES (1846, 409, 1677722304, 26, 0, 3, 1);
INSERT INTO `useritem` VALUES (1847, 409, 1677722305, 27, 0, 3, 1);
INSERT INTO `useritem` VALUES (1848, 409, 1677722307, 28, 0, 3, 1);
INSERT INTO `useritem` VALUES (1849, 409, 1677722308, 29, 0, 3, 1);
INSERT INTO `useritem` VALUES (1850, 409, 1677722104, 30, 0, 3, 1);
INSERT INTO `useritem` VALUES (1851, 409, 1677722105, 31, 0, 3, 1);
INSERT INTO `useritem` VALUES (1852, 409, 1677722107, 32, 0, 3, 1);
INSERT INTO `useritem` VALUES (1853, 409, 1677722108, 33, 0, 3, 1);
INSERT INTO `useritem` VALUES (1854, 409, 1677722114, 34, 0, 3, 1);
INSERT INTO `useritem` VALUES (1855, 409, 1677722115, 35, 0, 3, 1);
INSERT INTO `useritem` VALUES (1856, 409, 1677722117, 36, 0, 3, 1);
INSERT INTO `useritem` VALUES (1857, 409, 1677722118, 37, 0, 3, 1);
INSERT INTO `useritem` VALUES (1858, 409, 1677722124, 38, 0, 3, 1);
INSERT INTO `useritem` VALUES (1859, 409, 1677722125, 39, 0, 3, 1);
INSERT INTO `useritem` VALUES (1860, 409, 1677722127, 40, 0, 3, 1);
INSERT INTO `useritem` VALUES (1861, 409, 1677722128, 41, 0, 3, 1);
INSERT INTO `useritem` VALUES (1862, 409, 1677722200, 42, 0, 3, 1);
INSERT INTO `useritem` VALUES (1863, 409, 1677722205, 43, 0, 3, 1);
INSERT INTO `useritem` VALUES (1864, 409, 1677722208, 44, 0, 3, 1);
INSERT INTO `useritem` VALUES (1865, 409, 1677722220, 45, 0, 3, 1);
INSERT INTO `useritem` VALUES (1866, 409, 1677722225, 46, 0, 3, 1);
INSERT INTO `useritem` VALUES (1867, 409, 1677722228, 47, 0, 3, 1);
INSERT INTO `useritem` VALUES (1868, 410, 1677727650, 1, 1, 0, 1);
INSERT INTO `useritem` VALUES (1869, 410, 1677727658, 2, 1, 0, 1);
INSERT INTO `useritem` VALUES (1870, 411, 1677727650, 1, 0, 3, 1);
INSERT INTO `useritem` VALUES (1871, 411, 1677727658, 2, 0, 3, 1);
INSERT INTO `useritem` VALUES (1872, 411, 1677727670, 3, 0, 3, 1);
INSERT INTO `useritem` VALUES (1873, 411, 1677727678, 4, 0, 3, 1);
INSERT INTO `useritem` VALUES (1874, 411, 1677722600, 5, 0, 3, 1);
INSERT INTO `useritem` VALUES (1875, 411, 1677722608, 6, 0, 3, 1);
INSERT INTO `useritem` VALUES (1876, 411, 1677727660, 7, 0, 3, 1);
INSERT INTO `useritem` VALUES (1877, 411, 1677727668, 8, 0, 3, 1);
INSERT INTO `useritem` VALUES (1878, 411, 1677727710, 9, 0, 3, 1);
INSERT INTO `useritem` VALUES (1879, 411, 1677727715, 10, 0, 3, 1);
INSERT INTO `useritem` VALUES (1880, 411, 1677727718, 11, 0, 3, 1);
INSERT INTO `useritem` VALUES (1881, 411, 1677722660, 12, 0, 3, 1);
INSERT INTO `useritem` VALUES (1882, 411, 1677722665, 13, 0, 3, 1);
INSERT INTO `useritem` VALUES (1883, 411, 1677722668, 14, 0, 3, 1);
INSERT INTO `useritem` VALUES (1884, 411, 1677727720, 15, 0, 3, 1);
INSERT INTO `useritem` VALUES (1885, 411, 1677727725, 16, 0, 3, 1);
INSERT INTO `useritem` VALUES (1886, 411, 1677727728, 17, 0, 3, 1);
INSERT INTO `useritem` VALUES (1887, 411, 1677721824, 18, 0, 0, 1);
INSERT INTO `useritem` VALUES (1888, 411, 1677721825, 19, 0, 0, 1);
INSERT INTO `useritem` VALUES (1889, 411, 1677721827, 20, 0, 0, 1);
INSERT INTO `useritem` VALUES (1890, 411, 1677721828, 21, 0, 0, 1);
INSERT INTO `useritem` VALUES (1891, 411, 1677721834, 22, 0, 3, 1);
INSERT INTO `useritem` VALUES (1892, 411, 1677721835, 23, 0, 3, 1);
INSERT INTO `useritem` VALUES (1893, 411, 1677721837, 24, 0, 3, 1);
INSERT INTO `useritem` VALUES (1894, 411, 1677721838, 25, 0, 3, 1);
INSERT INTO `useritem` VALUES (1895, 411, 1677722304, 26, 0, 3, 1);
INSERT INTO `useritem` VALUES (1896, 411, 1677722305, 27, 0, 3, 1);
INSERT INTO `useritem` VALUES (1897, 411, 1677722307, 28, 0, 3, 1);
INSERT INTO `useritem` VALUES (1898, 411, 1677722308, 29, 0, 3, 1);
INSERT INTO `useritem` VALUES (1899, 411, 1677722104, 30, 0, 3, 1);
INSERT INTO `useritem` VALUES (1900, 411, 1677722105, 31, 0, 3, 1);
INSERT INTO `useritem` VALUES (1901, 411, 1677722107, 32, 0, 3, 1);
INSERT INTO `useritem` VALUES (1902, 411, 1677722108, 33, 0, 3, 1);
INSERT INTO `useritem` VALUES (1903, 411, 1677722114, 34, 0, 3, 1);
INSERT INTO `useritem` VALUES (1904, 411, 1677722115, 35, 0, 3, 1);
INSERT INTO `useritem` VALUES (1905, 411, 1677722117, 36, 0, 3, 1);
INSERT INTO `useritem` VALUES (1906, 411, 1677722118, 37, 0, 3, 1);
INSERT INTO `useritem` VALUES (1907, 411, 1677722124, 38, 0, 3, 1);
INSERT INTO `useritem` VALUES (1908, 411, 1677722125, 39, 0, 3, 1);
INSERT INTO `useritem` VALUES (1909, 411, 1677722127, 40, 0, 3, 1);
INSERT INTO `useritem` VALUES (1910, 411, 1677722128, 41, 0, 3, 1);
INSERT INTO `useritem` VALUES (1911, 411, 1677722200, 42, 0, 3, 1);
INSERT INTO `useritem` VALUES (1912, 411, 1677722205, 43, 0, 3, 1);
INSERT INTO `useritem` VALUES (1913, 411, 1677722208, 44, 0, 3, 1);
INSERT INTO `useritem` VALUES (1914, 411, 1677722220, 45, 1, 3, 1);
INSERT INTO `useritem` VALUES (1915, 411, 1677722225, 46, 1, 3, 1);
INSERT INTO `useritem` VALUES (1916, 411, 1677722228, 47, 1, 3, 1);
INSERT INTO `useritem` VALUES (1917, 412, 1677727650, 1, 0, 0, 1);
INSERT INTO `useritem` VALUES (1918, 412, 1677727658, 2, 0, 0, 1);
INSERT INTO `useritem` VALUES (1919, 413, 1677727650, 1, 1, 0, 1);
INSERT INTO `useritem` VALUES (1920, 413, 1677727658, 2, 1, 0, 1);
INSERT INTO `useritem` VALUES (1923, 415, 1677727650, 1, 0, 0, 1);
INSERT INTO `useritem` VALUES (1924, 415, 1677727658, 2, 0, 0, 1);
INSERT INTO `useritem` VALUES (1972, 417, 1677727650, 1, 1, 3, 1);
INSERT INTO `useritem` VALUES (1973, 417, 1677727658, 2, 1, 3, 1);
INSERT INTO `useritem` VALUES (1974, 417, 1677727670, 3, 0, 3, 1);
INSERT INTO `useritem` VALUES (1975, 417, 1677727678, 4, 0, 3, 1);
INSERT INTO `useritem` VALUES (1976, 417, 1677722600, 5, 0, 3, 1);
INSERT INTO `useritem` VALUES (1977, 417, 1677722608, 6, 0, 3, 1);
INSERT INTO `useritem` VALUES (1978, 417, 1677727660, 7, 0, 3, 1);
INSERT INTO `useritem` VALUES (1979, 417, 1677727668, 8, 0, 3, 1);
INSERT INTO `useritem` VALUES (1980, 417, 1677727710, 9, 0, 3, 1);
INSERT INTO `useritem` VALUES (1981, 417, 1677727715, 10, 0, 3, 1);
INSERT INTO `useritem` VALUES (1982, 417, 1677727718, 11, 0, 3, 1);
INSERT INTO `useritem` VALUES (1983, 417, 1677722660, 12, 0, 3, 1);
INSERT INTO `useritem` VALUES (1984, 417, 1677722665, 13, 0, 3, 1);
INSERT INTO `useritem` VALUES (1985, 417, 1677722668, 14, 0, 3, 1);
INSERT INTO `useritem` VALUES (1986, 417, 1677727720, 15, 0, 3, 1);
INSERT INTO `useritem` VALUES (1987, 417, 1677727725, 16, 0, 3, 1);
INSERT INTO `useritem` VALUES (1988, 417, 1677727728, 17, 0, 3, 1);
INSERT INTO `useritem` VALUES (1989, 417, 1677721824, 18, 0, 0, 1);
INSERT INTO `useritem` VALUES (1990, 417, 1677721825, 19, 0, 0, 1);
INSERT INTO `useritem` VALUES (1991, 417, 1677721827, 20, 0, 0, 1);
INSERT INTO `useritem` VALUES (1992, 417, 1677721828, 21, 0, 0, 1);
INSERT INTO `useritem` VALUES (1993, 417, 1677721834, 22, 0, 3, 1);
INSERT INTO `useritem` VALUES (1994, 417, 1677721835, 23, 0, 3, 1);
INSERT INTO `useritem` VALUES (1995, 417, 1677721837, 24, 0, 3, 1);
INSERT INTO `useritem` VALUES (1996, 417, 1677721838, 25, 0, 3, 1);
INSERT INTO `useritem` VALUES (1997, 417, 1677722304, 26, 0, 3, 1);
INSERT INTO `useritem` VALUES (1998, 417, 1677722305, 27, 0, 3, 1);
INSERT INTO `useritem` VALUES (1999, 417, 1677722307, 28, 0, 3, 1);
INSERT INTO `useritem` VALUES (2000, 417, 1677722308, 29, 0, 3, 1);
INSERT INTO `useritem` VALUES (2001, 417, 1677722104, 30, 0, 3, 1);
INSERT INTO `useritem` VALUES (2002, 417, 1677722105, 31, 0, 3, 1);
INSERT INTO `useritem` VALUES (2003, 417, 1677722107, 32, 0, 3, 1);
INSERT INTO `useritem` VALUES (2004, 417, 1677722108, 33, 0, 3, 1);
INSERT INTO `useritem` VALUES (2005, 417, 1677722114, 34, 0, 3, 1);
INSERT INTO `useritem` VALUES (2006, 417, 1677722115, 35, 0, 3, 1);
INSERT INTO `useritem` VALUES (2007, 417, 1677722117, 36, 0, 3, 1);
INSERT INTO `useritem` VALUES (2008, 417, 1677722118, 37, 0, 3, 1);
INSERT INTO `useritem` VALUES (2009, 417, 1677722124, 38, 0, 3, 1);
INSERT INTO `useritem` VALUES (2010, 417, 1677722125, 39, 0, 3, 1);
INSERT INTO `useritem` VALUES (2011, 417, 1677722127, 40, 0, 3, 1);
INSERT INTO `useritem` VALUES (2012, 417, 1677722128, 41, 0, 3, 1);
INSERT INTO `useritem` VALUES (2013, 417, 1677722200, 42, 0, 3, 1);
INSERT INTO `useritem` VALUES (2014, 417, 1677722205, 43, 0, 3, 1);
INSERT INTO `useritem` VALUES (2015, 417, 1677722208, 44, 0, 3, 1);
INSERT INTO `useritem` VALUES (2016, 417, 1677722220, 45, 0, 3, 1);
INSERT INTO `useritem` VALUES (2017, 417, 1677722225, 46, 0, 3, 1);
INSERT INTO `useritem` VALUES (2018, 417, 1677722228, 47, 0, 3, 1);
INSERT INTO `useritem` VALUES (2019, 418, 1677727650, 1, 1, 0, 1);
INSERT INTO `useritem` VALUES (2020, 418, 1677727658, 2, 0, 0, 1);
INSERT INTO `useritem` VALUES (2021, 419, 1677727650, 1, 1, 0, 1);
INSERT INTO `useritem` VALUES (2022, 419, 1677727658, 2, 1, 0, 1);
INSERT INTO `useritem` VALUES (2025, 421, 1677727650, 1, 1, 0, 1);
INSERT INTO `useritem` VALUES (2026, 421, 1677727658, 2, 1, 0, 1);
INSERT INTO `useritem` VALUES (2027, 422, 1677727650, 1, 1, 0, 1);
INSERT INTO `useritem` VALUES (2028, 422, 1677727658, 2, 1, 0, 1);

-- ----------------------------
-- Procedure structure for usp_addTradeTemplate
-- ----------------------------
DROP PROCEDURE IF EXISTS `usp_addTradeTemplate`;
delimiter ;;
CREATE PROCEDURE `usp_addTradeTemplate`(IN `tradeid` INT(11), IN `tradePlayerID` INT(11), IN `tradedPlayerID` INT(11))
  NO SQL 
BEGIN
DECLARE result VARCHAR(50);

IF NOT EXISTS (SELECT fdTradeID FROM tradeinfo WHERE fdTradeID = tradeid) THEN
    insert into tradeinfo (fdTradeID, fdGlobalID, fdGlobalItemID1, fdGlobalItemID2, fdGlobalItemID3, fdGlobalItemID4, fdGlobalItemID5, fdGlobalItemID6, fdGlobalItemID7, fdGlobalItemID8, fdGlobalItemID9, fdGlobalItemID10, fdGlobalItemID11, fdGlobalItemID12, fdTradeZula, fdTradeLock) value(tradeid, tradePlayerID, 0, 0, 0, 0, 0, 0, 0, 0, 0, 0, 0, 0, 0, 0);

    insert into tradeinfo (fdTradeID, fdGlobalID, fdGlobalItemID1, fdGlobalItemID2, fdGlobalItemID3, fdGlobalItemID4, fdGlobalItemID5, fdGlobalItemID6, fdGlobalItemID7, fdGlobalItemID8, fdGlobalItemID9, fdGlobalItemID10, fdGlobalItemID11, fdGlobalItemID12, fdTradeZula, fdTradeLock) value(tradeid, tradedPlayerID, 0, 0, 0, 0, 0, 0, 0, 0, 0, 0, 0, 0, 0, 0);
    SET result = '1'; 
  ELSE
	  SET result = '2'; 
	END IF;
	SELECT result AS 'result';
END
;;
delimiter ;

-- ----------------------------
-- Procedure structure for usp_checkDeleteCharacter
-- ----------------------------
DROP PROCEDURE IF EXISTS `usp_checkDeleteCharacter`;
delimiter ;;
CREATE PROCEDURE `usp_checkDeleteCharacter`(IN `gameid` VARCHAR(50), IN `globalid` INT(11))
  NO SQL 
BEGIN
	DECLARE result VARCHAR(50);

	IF EXISTS (SELECT fdGameID FROM userinfo WHERE fdGameID = gameid) THEN
			delete from usercharacterinfo where fdGameID = gameid;
			delete from useritem where fdGlobalID = globalid;
			SET result = '1'; 
	ELSE
			SET result = '2'; 
	END IF;
	SELECT result AS 'result';
END
;;
delimiter ;

-- ----------------------------
-- Procedure structure for usp_checkNewAccount
-- ----------------------------
DROP PROCEDURE IF EXISTS `usp_checkNewAccount`;
delimiter ;;
CREATE PROCEDURE `usp_checkNewAccount`(IN `userid` VARCHAR(50), IN `gameid` VARCHAR(50))
  NO SQL 
BEGIN
	DECLARE result VARCHAR(50);

	IF NOT EXISTS (SELECT fdGameID FROM userinfo WHERE fdGameID = gameid) THEN
			SET result = '1'; 
			insert into userinfo (fdUserID, fdGameID, fdInsertTime)
		values(userid, gameid, NOW());
	ELSE
			SET result = '2'; 
	END IF;
	SELECT result AS 'result';
END
;;
delimiter ;

-- ----------------------------
-- Procedure structure for usp_checkNewCharacter
-- ----------------------------
DROP PROCEDURE IF EXISTS `usp_checkNewCharacter`;
delimiter ;;
CREATE PROCEDURE `usp_checkNewCharacter`(IN `gameid` VARCHAR(50), IN `charid` VARCHAR(50), IN `face` int, IN `head` int, IN `gender` int, IN `clothColor` VARCHAR(50), IN `skinColor` VARCHAR(50), IN `hairColor` VARCHAR(50), IN `hairClump1` VARCHAR(50), IN `hairClump2` VARCHAR(50), IN `hairClump3` VARCHAR(50), IN `hairClump4` VARCHAR(50), IN `usertype` int)
  NO SQL 
BEGIN
	DECLARE result VARCHAR(50);
	DECLARE globalid int;

	IF NOT EXISTS (SELECT fdCharName FROM usercharacterinfo WHERE fdCharName = charid) THEN
			SET result = '1'; 
			insert into usercharacterinfo (fdGameID, fdStoredPos, fdNation, fdJob, fdLevel, fdZula, fdCharName, fdGender, fdInsertTime, fdEqu1, fdEqu2, fdEncodedCloth, fdEncodedSkin, fdEncodedHair, fdHairClump1, fdHairClump2, fdHairClump3, fdHairClump4, fdMapID, fdMapX, fdMapY)
		values(gameid, 1, 12, 6, 1, 10000, charid, gender, NOW(), head, face, clothColor, skinColor, hairColor, hairClump1, hairClump2, hairClump3, hairClump4, 200, 175, 107);

		  select @@IDENTITY into globalid;
			IF usertype = 0 THEN
			  insert into useritem (fdGlobalID, fdItemID, fdItemPos, fdItemWear, fdItemCorrect, fdItemCount) value(globalid, 1677727650, 1, 0, 0, 1);
				insert into useritem (fdGlobalID, fdItemID, fdItemPos, fdItemWear, fdItemCorrect, fdItemCount) value(globalid, 1677727658, 2, 0, 0, 1);		
			END IF;
		  IF usertype = 1 THEN
				insert into useritem (fdGlobalID, fdItemID, fdItemPos, fdItemWear, fdItemCorrect, fdItemCount) value(globalid, 1677727650, 1, 0, 3, 1);
				insert into useritem (fdGlobalID, fdItemID, fdItemPos, fdItemWear, fdItemCorrect, fdItemCount) value(globalid, 1677727658, 2, 0, 3, 1);		
				insert into useritem (fdGlobalID, fdItemID, fdItemPos, fdItemWear, fdItemCorrect, fdItemCount) value(globalid, 1677727670, 3, 0, 3, 1);
				insert into useritem (fdGlobalID, fdItemID, fdItemPos, fdItemWear, fdItemCorrect, fdItemCount) value(globalid, 1677727678, 4, 0, 3, 1);
				insert into useritem (fdGlobalID, fdItemID, fdItemPos, fdItemWear, fdItemCorrect, fdItemCount) value(globalid, 1677722600, 5, 0, 3, 1);
				insert into useritem (fdGlobalID, fdItemID, fdItemPos, fdItemWear, fdItemCorrect, fdItemCount) value(globalid, 1677722608, 6, 0, 3, 1);
				insert into useritem (fdGlobalID, fdItemID, fdItemPos, fdItemWear, fdItemCorrect, fdItemCount) value(globalid, 1677727660, 7, 0, 3, 1);
				insert into useritem (fdGlobalID, fdItemID, fdItemPos, fdItemWear, fdItemCorrect, fdItemCount) value(globalid, 1677727668, 8, 0, 3, 1);
				insert into useritem (fdGlobalID, fdItemID, fdItemPos, fdItemWear, fdItemCorrect, fdItemCount) value(globalid, 1677727710, 9, 0, 3, 1);
				insert into useritem (fdGlobalID, fdItemID, fdItemPos, fdItemWear, fdItemCorrect, fdItemCount) value(globalid, 1677727715, 10, 0, 3, 1);
				insert into useritem (fdGlobalID, fdItemID, fdItemPos, fdItemWear, fdItemCorrect, fdItemCount) value(globalid, 1677727718, 11, 0, 3, 1);
				insert into useritem (fdGlobalID, fdItemID, fdItemPos, fdItemWear, fdItemCorrect, fdItemCount) value(globalid, 1677722660, 12, 0, 3, 1);
				insert into useritem (fdGlobalID, fdItemID, fdItemPos, fdItemWear, fdItemCorrect, fdItemCount) value(globalid, 1677722665, 13, 0, 3, 1);
				insert into useritem (fdGlobalID, fdItemID, fdItemPos, fdItemWear, fdItemCorrect, fdItemCount) value(globalid, 1677722668, 14, 0, 3, 1);
				insert into useritem (fdGlobalID, fdItemID, fdItemPos, fdItemWear, fdItemCorrect, fdItemCount) value(globalid, 1677727720, 15, 0, 3, 1);
				insert into useritem (fdGlobalID, fdItemID, fdItemPos, fdItemWear, fdItemCorrect, fdItemCount) value(globalid, 1677727725, 16, 0, 3, 1);
				insert into useritem (fdGlobalID, fdItemID, fdItemPos, fdItemWear, fdItemCorrect, fdItemCount) value(globalid, 1677727728, 17, 0, 3, 1);
				insert into useritem (fdGlobalID, fdItemID, fdItemPos, fdItemWear, fdItemCorrect, fdItemCount) value(globalid, 1677721824, 18, 0, 0, 1);
				insert into useritem (fdGlobalID, fdItemID, fdItemPos, fdItemWear, fdItemCorrect, fdItemCount) value(globalid, 1677721825, 19, 0, 0, 1);
				insert into useritem (fdGlobalID, fdItemID, fdItemPos, fdItemWear, fdItemCorrect, fdItemCount) value(globalid, 1677721827, 20, 0, 0, 1);
				insert into useritem (fdGlobalID, fdItemID, fdItemPos, fdItemWear, fdItemCorrect, fdItemCount) value(globalid, 1677721828, 21, 0, 0, 1);
				insert into useritem (fdGlobalID, fdItemID, fdItemPos, fdItemWear, fdItemCorrect, fdItemCount) value(globalid, 1677721834, 22, 0, 3, 1);
				insert into useritem (fdGlobalID, fdItemID, fdItemPos, fdItemWear, fdItemCorrect, fdItemCount) value(globalid, 1677721835, 23, 0, 3, 1);
				insert into useritem (fdGlobalID, fdItemID, fdItemPos, fdItemWear, fdItemCorrect, fdItemCount) value(globalid, 1677721837, 24, 0, 3, 1);
				insert into useritem (fdGlobalID, fdItemID, fdItemPos, fdItemWear, fdItemCorrect, fdItemCount) value(globalid, 1677721838, 25, 0, 3, 1);
				insert into useritem (fdGlobalID, fdItemID, fdItemPos, fdItemWear, fdItemCorrect, fdItemCount) value(globalid, 1677722304, 26, 0, 3, 1);
				insert into useritem (fdGlobalID, fdItemID, fdItemPos, fdItemWear, fdItemCorrect, fdItemCount) value(globalid, 1677722305, 27, 0, 3, 1);
				insert into useritem (fdGlobalID, fdItemID, fdItemPos, fdItemWear, fdItemCorrect, fdItemCount) value(globalid, 1677722307, 28, 0, 3, 1);
				insert into useritem (fdGlobalID, fdItemID, fdItemPos, fdItemWear, fdItemCorrect, fdItemCount) value(globalid, 1677722308, 29, 0, 3, 1);
				insert into useritem (fdGlobalID, fdItemID, fdItemPos, fdItemWear, fdItemCorrect, fdItemCount) value(globalid, 1677722104, 30, 0, 3, 1);
				insert into useritem (fdGlobalID, fdItemID, fdItemPos, fdItemWear, fdItemCorrect, fdItemCount) value(globalid, 1677722105, 31, 0, 3, 1);
				insert into useritem (fdGlobalID, fdItemID, fdItemPos, fdItemWear, fdItemCorrect, fdItemCount) value(globalid, 1677722107, 32, 0, 3, 1);
				insert into useritem (fdGlobalID, fdItemID, fdItemPos, fdItemWear, fdItemCorrect, fdItemCount) value(globalid, 1677722108, 33, 0, 3, 1);
				insert into useritem (fdGlobalID, fdItemID, fdItemPos, fdItemWear, fdItemCorrect, fdItemCount) value(globalid, 1677722114, 34, 0, 3, 1);
				insert into useritem (fdGlobalID, fdItemID, fdItemPos, fdItemWear, fdItemCorrect, fdItemCount) value(globalid, 1677722115, 35, 0, 3, 1);
				insert into useritem (fdGlobalID, fdItemID, fdItemPos, fdItemWear, fdItemCorrect, fdItemCount) value(globalid, 1677722117, 36, 0, 3, 1);
				insert into useritem (fdGlobalID, fdItemID, fdItemPos, fdItemWear, fdItemCorrect, fdItemCount) value(globalid, 1677722118, 37, 0, 3, 1);
				insert into useritem (fdGlobalID, fdItemID, fdItemPos, fdItemWear, fdItemCorrect, fdItemCount) value(globalid, 1677722124, 38, 0, 3, 1);
				insert into useritem (fdGlobalID, fdItemID, fdItemPos, fdItemWear, fdItemCorrect, fdItemCount) value(globalid, 1677722125, 39, 0, 3, 1);
				insert into useritem (fdGlobalID, fdItemID, fdItemPos, fdItemWear, fdItemCorrect, fdItemCount) value(globalid, 1677722127, 40, 0, 3, 1);
				insert into useritem (fdGlobalID, fdItemID, fdItemPos, fdItemWear, fdItemCorrect, fdItemCount) value(globalid, 1677722128, 41, 0, 3, 1);
				insert into useritem (fdGlobalID, fdItemID, fdItemPos, fdItemWear, fdItemCorrect, fdItemCount) value(globalid, 1677722200, 42, 0, 3, 1);
				insert into useritem (fdGlobalID, fdItemID, fdItemPos, fdItemWear, fdItemCorrect, fdItemCount) value(globalid, 1677722205, 43, 0, 3, 1);
				insert into useritem (fdGlobalID, fdItemID, fdItemPos, fdItemWear, fdItemCorrect, fdItemCount) value(globalid, 1677722208, 44, 0, 3, 1);
				insert into useritem (fdGlobalID, fdItemID, fdItemPos, fdItemWear, fdItemCorrect, fdItemCount) value(globalid, 1677722220, 45, 0, 3, 1);
				insert into useritem (fdGlobalID, fdItemID, fdItemPos, fdItemWear, fdItemCorrect, fdItemCount) value(globalid, 1677722225, 46, 0, 3, 1);
				insert into useritem (fdGlobalID, fdItemID, fdItemPos, fdItemWear, fdItemCorrect, fdItemCount) value(globalid, 1677722228, 47, 0, 3, 1);
	    END IF;
	ELSE
			SET result = '2'; 
	END IF;
	SELECT result AS 'result';
END
;;
delimiter ;

-- ----------------------------
-- Procedure structure for usp_checkUserAccount
-- ----------------------------
DROP PROCEDURE IF EXISTS `usp_checkUserAccount`;
delimiter ;;
CREATE PROCEDURE `usp_checkUserAccount`(IN `userid` VARCHAR(50), IN `password` VARCHAR(50))
  NO SQL 
BEGIN
	DECLARE result VARCHAR(50);
    SET result = '1'; 
    IF NOT EXISTS (SELECT fdUserID FROM UserInfoFromPublisher WHERE fdUserID = userid AND fdPassword = password) THEN
		  SET result = '2'; 
    END IF;

    SELECT result AS 'result';

END
;;
delimiter ;

-- ----------------------------
-- Procedure structure for usp_getCharBasicInfo
-- ----------------------------
DROP PROCEDURE IF EXISTS `usp_getCharBasicInfo`;
delimiter ;;
CREATE PROCEDURE `usp_getCharBasicInfo`(IN `gameid` VARCHAR(50))
  NO SQL 
BEGIN
select fdGlobalID, fdStoredPos, fdNation, fdJob, fdLevel, fdZula, fdCharName, fdGender, fdEqu1, fdEqu2, fdEncodedCloth, fdEncodedSkin, fdEncodedHair, fdHairClump1, fdHairClump2, fdHairClump3, fdHairClump4, fdMapID, fdMapX, fdMapY from usercharacterinfo where fdGameID = gameid order by fdStoredPos;
END
;;
delimiter ;

-- ----------------------------
-- Procedure structure for usp_getCharCount
-- ----------------------------
DROP PROCEDURE IF EXISTS `usp_getCharCount`;
delimiter ;;
CREATE PROCEDURE `usp_getCharCount`(IN `gameid` VARCHAR(50))
  NO SQL 
BEGIN
select count(*) as 'charCount' from usercharacterinfo where fdGameID = gameid;
END
;;
delimiter ;

-- ----------------------------
-- Procedure structure for usp_getGameID
-- ----------------------------
DROP PROCEDURE IF EXISTS `usp_getGameID`;
delimiter ;;
CREATE PROCEDURE `usp_getGameID`(IN `userid` VARCHAR(50))
  NO SQL 
BEGIN
select fdGameID from userinfo where fdUserID = userid;
END
;;
delimiter ;

-- ----------------------------
-- Procedure structure for usp_getItemEquInfo
-- ----------------------------
DROP PROCEDURE IF EXISTS `usp_getItemEquInfo`;
delimiter ;;
CREATE PROCEDURE `usp_getItemEquInfo`(IN `globalid` INT(11))
  NO SQL 
BEGIN
select u1.fdGlobalItemID, u1.fdItemID, u1.fdItemPos, u1.fdItemCount, u1.fdItemWear, u2.fdItemCorrect, IFNULL(u3.fdEqu, 0) AS fdEqu, u2.fdItemTypeNum, u2.fdItemName, u2.fdItemDesc, u2.fdItemType, u2.fdItemValidDate, u2.fdItemCombinable, u2.fdItemUsageLimit , u2.fdItemWeight, u2.fdItemDurability, u2.fdItemPhysicalDamage, u2.fdItemMagicDamage, u2.fdItemAttackEffect1, u2.fdItemAttackEffect2, u2.fdItemAttackEffect3, u2.fdItemAttackEffect4, u2.fdItemAttackEffect5, u2.fdItemAttackEffect6, u2.fdItemAttackEffect7, u2.fdItemAttackEffect8, u2.fdItemAttackEffect9, u2.fdItemAttackEffect10, u2.fdItemDefenceEffect1, u2.fdItemDefenceEffect2, u2.fdItemDefenceEffect3, u2.fdItemDefenceEffect4, u2.fdItemDefenceEffect5, u2.fdItemDefenceEffect6, u2.fdItemDefenceEffect7, u2.fdItemDefenceEffect8, u2.fdItemDefenceEffect9, u2.fdItemDefenceEffect10 from useritem u1 INNER JOIN itemequinfo u2 on u1.fdItemID = u2.fdItemID and u1.fdItemCorrect = u2.fdItemCorrect LEFT JOIN itemappearance u3 on u3.fdItemID = u2.fdItemID where u1.fdGlobalID = globalid order by u1.fdItemPos;
END
;;
delimiter ;

-- ----------------------------
-- Procedure structure for usp_getItemFoodInfo
-- ----------------------------
DROP PROCEDURE IF EXISTS `usp_getItemFoodInfo`;
delimiter ;;
CREATE PROCEDURE `usp_getItemFoodInfo`(IN `globalid` INT(11))
  NO SQL 
BEGIN
select u1.fdGlobalItemID, u1.fdItemID, u1.fdItemPos, u1.fdItemCount, u2.fdItemType, u2.fdItemName, u2.fdItemDesc, u2.fdItemValidDate, u2.fdItemCombinable, u2.fdItemUsageLimit, u2.fdItemAttackEffect1, u2.fdItemAttackEffect2, u2.fdItemAttackEffect3, u2.fdItemAttackEffect4, u2.fdItemAttackEffect5, u2.fdItemAttackEffect6, u2.fdItemAttackEffect7, u2.fdItemAttackEffect8, u2.fdItemAttackEffect9, u2.fdItemAttackEffect10 , u2.fdItemAttackEffect11, u2.fdItemAttackEffect12, u2.fdItemAttackEffect13, u2.fdItemAttackEffect14, u2.fdItemAttackEffect15, u2.fdItemDefenceEffect1, u2.fdItemDefenceEffect2, u2.fdItemDefenceEffect3, u2.fdItemDefenceEffect4, u2.fdItemDefenceEffect5, u2.fdItemDefenceEffect6, u2.fdItemDefenceEffect7, u2.fdItemDefenceEffect8, u2.fdItemDefenceEffect9, u2.fdItemDefenceEffect10 , u2.fdItemDefenceEffect11, u2.fdItemDefenceEffect12, u2.fdItemDefenceEffect13, u2.fdItemDefenceEffect14, u2.fdItemDefenceEffect15 from useritem u1 INNER JOIN itemfoodinfo u2 on u1.fdItemID = u2.fdItemID where u1.fdGlobalID = globalid order by u1.fdItemPos;
END
;;
delimiter ;

-- ----------------------------
-- Procedure structure for usp_getMapInfo
-- ----------------------------
DROP PROCEDURE IF EXISTS `usp_getMapInfo`;
delimiter ;;
CREATE PROCEDURE `usp_getMapInfo`(IN `mapid` INT(11))
  NO SQL 
BEGIN
select fdMapID, fdMapName, fdMapMusic, fdMapWidth, fdMapHeight, fdMapCRC from mapinfo where fdMapGlobalID = mapid;
END
;;
delimiter ;

-- ----------------------------
-- Procedure structure for usp_getMapTeleport
-- ----------------------------
DROP PROCEDURE IF EXISTS `usp_getMapTeleport`;
delimiter ;;
CREATE PROCEDURE `usp_getMapTeleport`()
  NO SQL 
BEGIN
select fdMapGlobalID, fdMapX, fdMapY, fdMapTeleportID, fdMapInitX, fdMapInitY from mapteleport;
END
;;
delimiter ;

-- ----------------------------
-- Procedure structure for usp_getSubTeleportID
-- ----------------------------
DROP PROCEDURE IF EXISTS `usp_getSubTeleportID`;
delimiter ;;
CREATE PROCEDURE `usp_getSubTeleportID`()
  NO SQL 
BEGIN
select distinct fdMapGlobalID from mapteleport order by fdMapGlobalID;
END
;;
delimiter ;

-- ----------------------------
-- Procedure structure for usp_getTradeID
-- ----------------------------
DROP PROCEDURE IF EXISTS `usp_getTradeID`;
delimiter ;;
CREATE PROCEDURE `usp_getTradeID`()
  NO SQL 
BEGIN
DECLARE tradeid INT;
select fdTradeID into tradeid from tradeinfo order by 1 desc limit 1;
    IF tradeid IS NULL THEN
        set tradeid = 0;
		END IF;
		select tradeid as 'tradeid';
END
;;
delimiter ;

-- ----------------------------
-- Procedure structure for usp_getUserType
-- ----------------------------
DROP PROCEDURE IF EXISTS `usp_getUserType`;
delimiter ;;
CREATE PROCEDURE `usp_getUserType`(IN `userid` VARCHAR(50))
  NO SQL 
BEGIN
SELECT fdUserType FROM UserInfoFromPublisher WHERE fdUserID = userid;
END
;;
delimiter ;

-- ----------------------------
-- Procedure structure for usp_moveCharItem
-- ----------------------------
DROP PROCEDURE IF EXISTS `usp_moveCharItem`;
delimiter ;;
CREATE PROCEDURE `usp_moveCharItem`(IN `globalid` INT(11), IN `itemid` INT(11), IN `globalitemid` INT(11), IN `destItemPos` INT(11))
  NO SQL 
BEGIN
DECLARE result VARCHAR(50);

IF EXISTS (SELECT fdItemID FROM useritem where fdGlobalID = globalid and fdItemID = itemid and fdGlobalItemID = globalitemid) THEN
    update useritem set fdItemPos = destItemPos where fdGlobalID = globalid and fdItemID = itemid and fdGlobalItemID = globalitemid;
    SET result = '1'; 
  ELSE
	  SET result = '2'; 
	END IF;
	SELECT result AS 'result';
END
;;
delimiter ;

-- ----------------------------
-- Procedure structure for usp_tradeComplete
-- ----------------------------
DROP PROCEDURE IF EXISTS `usp_tradeComplete`;
delimiter ;;
CREATE PROCEDURE `usp_tradeComplete`(IN `tradeid` INT(11))
  NO SQL 
BEGIN
DECLARE result VARCHAR(50);
DECLARE GlobalItemID1 INT;
DECLARE GlobalItemID2 INT;
DECLARE GlobalItemID3 INT;
DECLARE GlobalItemID4 INT;
DECLARE GlobalItemID5 INT;
DECLARE GlobalItemID6 INT;
DECLARE GlobalItemID7 INT;
DECLARE GlobalItemID8 INT;
DECLARE GlobalItemID9 INT;
DECLARE GlobalItemID10 INT;
DECLARE GlobalItemID11 INT;
DECLARE GlobalItemID12 INT;
DECLARE GlobalZula INT;

DECLARE GlobalItemID INT;
DECLARE OldItemID INT;
DECLARE GlobalID INT;
DECLARE ItemID INT;
DECLARE ItemPos INT;
DECLARE ItemCorrect INT;

DECLARE tradeGlobalID INT;
DECLARE tradedGlobalID INT;
DECLARE cmpTradeGlobalID INT;
DECLARE cmpTradedGlobalID INT;
DECLARE done INT DEFAULT 0;

DECLARE tradeLock INT;
DECLARE tradedLock INT;
DECLARE tradeZula INT;
DECLARE tradedZula INT;
DECLARE tradeCount INT;

DECLARE cur1 CURSOR FOR select fdGlobalID, fdTradeZula, fdTradeLock from tradeinfo where fdTradeID = tradeid;

DECLARE cur2 CURSOR FOR select fdGlobalItemID1, fdGlobalItemID2, fdGlobalItemID3, fdGlobalItemID4, fdGlobalItemID5, fdGlobalItemID6, fdGlobalItemID7, fdGlobalItemID8, fdGlobalItemID9, fdGlobalItemID10, fdGlobalItemID11, fdGlobalItemID12, fdGlobalID from tradeinfo where fdTradeID = tradeid;

DECLARE cur3 CURSOR FOR select fdGlobalItemID, fdOldItemID, fdGlobalID, fdItemID, fdItemPos, fdItemCorrect from insertuseritem;

DECLARE CONTINUE HANDLER FOR NOT FOUND SET done = 1;
DECLARE EXIT HANDLER FOR SQLEXCEPTION ROLLBACK;
DROP TABLE IF EXISTS insertuseritem;
CREATE TEMPORARY TABLE `insertuseritem`(
  `fdGlobalItemID` int(11) NOT NULL AUTO_INCREMENT,
	`fdOldItemID` int(11) NOT NULL,
	`fdGlobalID` int(11) NOT NULL,
	`fdItemID` int(11) NOT NULL,
	`fdItemPos` int(11) NOT NULL,
	`fdItemCorrect` int(11) NOT NULL,
	PRIMARY KEY (fdGlobalItemID)
);
DROP TABLE IF EXISTS removeuseritem;
CREATE TEMPORARY TABLE `removeuseritem`(
  `fdGlobalItemID` int(11) NOT NULL AUTO_INCREMENT,
	`fdGlobalID` int(11) NOT NULL,
	`fdItemID` int(11) NOT NULL,
	`fdItemPos` int(11) NOT NULL,
	`fdItemCorrect` int(11) NOT NULL,
	PRIMARY KEY (fdGlobalItemID)
);
DROP TABLE IF EXISTS copyuseritem;
CREATE TEMPORARY TABLE `copyuseritem`(
  `fdGlobalItemID` int(11) NOT NULL AUTO_INCREMENT,
	`fdGlobalID` int(11) NOT NULL,
	`fdItemID` int(11) NOT NULL,
	`fdItemPos` int(11) NOT NULL,
	`fdItemCorrect` int(11) NOT NULL,
	PRIMARY KEY (fdGlobalItemID)
);
#SET result = '2'; 
set tradeCount = 0;
OPEN cur1;
	  START TRANSACTION;
	  REPEAT
	  FETCH cur1 into cmpTradedGlobalID, tradedZula, tradeLock;
		IF NOT done THEN
				insert into copyuseritem (fdGlobalItemID, fdGlobalID, fdItemID, fdItemPos, fdItemCorrect) select fdGlobalItemID, fdGlobalID, fdItemID, fdItemPos, fdItemCorrect from useritem where fdGlobalID = cmpTradedGlobalID;
				IF tradeCount = 0 THEN
				    set tradedLock = tradeLock;
						set tradeZula = tradedZula;
						set cmpTradeGlobalID = cmpTradedGlobalID;
						set tradeCount = 1;
				END IF;
		END IF;	
    UNTIL done END REPEAT;
CLOSE cur1;

IF tradeLock = 1 and tradedLock = 1 THEN
set done = 0;
OPEN cur2;
	  REPEAT
	  FETCH cur2 into GlobalItemID1, GlobalItemID2, GlobalItemID3, GlobalItemID4, GlobalItemID5, GlobalItemID6, GlobalItemID7, GlobalItemID8, GlobalItemID9, GlobalItemID10, GlobalItemID11, GlobalItemID12, tradeGlobalID;
    IF NOT done THEN
        select fdGlobalID into tradedGlobalID from tradeinfo where fdTradeID = tradeid and fdGlobalID <> tradeGlobalID;
				IF (GlobalItemID1 > 0) THEN
						insert into removeuseritem (fdGlobalItemID, fdGlobalID, fdItemID, fdItemPos, fdItemCorrect) select fdGlobalItemID, tradedGlobalID, fdItemID, 0, fdItemCorrect from useritem where fdGlobalItemID = GlobalItemID1;	
						delete from copyuseritem where fdGlobalItemID = GlobalItemID1;
						insert into copyuseritem (fdGlobalID, fdItemID, fdItemPos, fdItemCorrect) select tradedGlobalID, fdItemID, 0, fdItemCorrect from useritem where fdGlobalItemID = GlobalItemID1;
						insert into insertuseritem (fdGlobalItemID, fdOldItemID, fdGlobalID, fdItemID, fdItemPos, fdItemCorrect) select LAST_INSERT_ID(), GlobalItemID1, tradedGlobalID, fdItemID, 0, fdItemCorrect from useritem where fdGlobalItemID = GlobalItemID1;	
				END IF;
				
				IF (GlobalItemID2 > 0) THEN
						insert into removeuseritem (fdGlobalItemID, fdGlobalID, fdItemID, fdItemPos, fdItemCorrect) select fdGlobalItemID, tradedGlobalID, fdItemID, 0, fdItemCorrect from useritem where fdGlobalItemID = GlobalItemID2;	
						delete from copyuseritem where fdGlobalItemID = GlobalItemID2;
						insert into copyuseritem (fdGlobalID, fdItemID, fdItemPos, fdItemCorrect) select tradedGlobalID, fdItemID, 0, fdItemCorrect from useritem where fdGlobalItemID = GlobalItemID2;
						insert into insertuseritem (fdGlobalItemID, fdOldItemID, fdGlobalID, fdItemID, fdItemPos, fdItemCorrect) select LAST_INSERT_ID(), GlobalItemID2, tradedGlobalID, fdItemID, 0, fdItemCorrect from useritem where fdGlobalItemID = GlobalItemID2;
				END IF;
				
				IF (GlobalItemID3 > 0) THEN
						insert into removeuseritem (fdGlobalItemID, fdGlobalID, fdItemID, fdItemPos, fdItemCorrect) select fdGlobalItemID, tradedGlobalID, fdItemID, 0, fdItemCorrect from useritem where fdGlobalItemID = GlobalItemID3;	
						delete from copyuseritem where fdGlobalItemID = GlobalItemID3;
						insert into copyuseritem (fdGlobalID, fdItemID, fdItemPos, fdItemCorrect) select tradedGlobalID, fdItemID, 0, fdItemCorrect from useritem where fdGlobalItemID = GlobalItemID3;
						insert into insertuseritem (fdGlobalItemID, fdOldItemID, fdGlobalID, fdItemID, fdItemPos, fdItemCorrect) select LAST_INSERT_ID(), GlobalItemID3, tradedGlobalID, fdItemID, 0, fdItemCorrect from useritem where fdGlobalItemID = GlobalItemID3;
				END IF;
				
				IF (GlobalItemID4 > 0) THEN
						insert into removeuseritem (fdGlobalItemID, fdGlobalID, fdItemID, fdItemPos, fdItemCorrect) select fdGlobalItemID, tradedGlobalID, fdItemID, 0, fdItemCorrect from useritem where fdGlobalItemID = GlobalItemID4;	
						delete from copyuseritem where fdGlobalItemID = GlobalItemID4;
						insert into copyuseritem (fdGlobalID, fdItemID, fdItemPos, fdItemCorrect) select tradedGlobalID, fdItemID, 0, fdItemCorrect from useritem where fdGlobalItemID = GlobalItemID4;
						insert into insertuseritem (fdGlobalItemID, fdOldItemID, fdGlobalID, fdItemID, fdItemPos, fdItemCorrect) select LAST_INSERT_ID(), GlobalItemID4, tradedGlobalID, fdItemID, 0, fdItemCorrect from useritem where fdGlobalItemID = GlobalItemID4;
				END IF;
				
				IF (GlobalItemID5 > 0) THEN
						insert into removeuseritem (fdGlobalItemID, fdGlobalID, fdItemID, fdItemPos, fdItemCorrect) select fdGlobalItemID, tradedGlobalID, fdItemID, 0, fdItemCorrect from useritem where fdGlobalItemID = GlobalItemID5;	
						delete from copyuseritem where fdGlobalItemID = GlobalItemID5;
						insert into copyuseritem (fdGlobalID, fdItemID, fdItemPos, fdItemCorrect) select tradedGlobalID, fdItemID, 0, fdItemCorrect from useritem where fdGlobalItemID = GlobalItemID5;
						insert into insertuseritem (fdGlobalItemID, fdOldItemID, fdGlobalID, fdItemID, fdItemPos, fdItemCorrect) select LAST_INSERT_ID(), GlobalItemID5, tradedGlobalID, fdItemID, 0, fdItemCorrect from useritem where fdGlobalItemID = GlobalItemID5;
				END IF;
				
				IF (GlobalItemID6 > 0) THEN
						insert into removeuseritem (fdGlobalItemID, fdGlobalID, fdItemID, fdItemPos, fdItemCorrect) select fdGlobalItemID, tradedGlobalID, fdItemID, 0, fdItemCorrect from useritem where fdGlobalItemID = GlobalItemID6;	
						delete from copyuseritem where fdGlobalItemID = GlobalItemID6;
						insert into copyuseritem (fdGlobalID, fdItemID, fdItemPos, fdItemCorrect) select tradedGlobalID, fdItemID, 0, fdItemCorrect from useritem where fdGlobalItemID = GlobalItemID6;
						insert into insertuseritem (fdGlobalItemID, fdOldItemID, fdGlobalID, fdItemID, fdItemPos, fdItemCorrect) select LAST_INSERT_ID(), GlobalItemID6, tradedGlobalID, fdItemID, 0, fdItemCorrect from useritem where fdGlobalItemID = GlobalItemID6;
				END IF;
				
				IF (GlobalItemID7 > 0) THEN
						insert into removeuseritem (fdGlobalItemID, fdGlobalID, fdItemID, fdItemPos, fdItemCorrect) select fdGlobalItemID, tradedGlobalID, fdItemID, 0, fdItemCorrect from useritem where fdGlobalItemID = GlobalItemID7;	
						delete from copyuseritem where fdGlobalItemID = GlobalItemID7;
						insert into copyuseritem (fdGlobalID, fdItemID, fdItemPos, fdItemCorrect) select tradedGlobalID, fdItemID, 0, fdItemCorrect from useritem where fdGlobalItemID = GlobalItemID7;
						insert into insertuseritem (fdGlobalItemID, fdOldItemID, fdGlobalID, fdItemID, fdItemPos, fdItemCorrect) select LAST_INSERT_ID(), GlobalItemID7, tradedGlobalID, fdItemID, 0, fdItemCorrect from useritem where fdGlobalItemID = GlobalItemID7;
				END IF;
				
				IF (GlobalItemID8 > 0) THEN
						insert into removeuseritem (fdGlobalItemID, fdGlobalID, fdItemID, fdItemPos, fdItemCorrect) select fdGlobalItemID, tradedGlobalID, fdItemID, 0, fdItemCorrect from useritem where fdGlobalItemID = GlobalItemID8;	
						delete from copyuseritem where fdGlobalItemID = GlobalItemID8;
						insert into copyuseritem (fdGlobalID, fdItemID, fdItemPos, fdItemCorrect) select tradedGlobalID, fdItemID, 0, fdItemCorrect from useritem where fdGlobalItemID = GlobalItemID8;
						insert into insertuseritem (fdGlobalItemID, fdOldItemID, fdGlobalID, fdItemID, fdItemPos, fdItemCorrect) select LAST_INSERT_ID(), GlobalItemID8, tradedGlobalID, fdItemID, 0, fdItemCorrect from useritem where fdGlobalItemID = GlobalItemID8;
				END IF;
				
				IF (GlobalItemID9 > 0) THEN
						insert into removeuseritem (fdGlobalItemID, fdGlobalID, fdItemID, fdItemPos, fdItemCorrect) select fdGlobalItemID, tradedGlobalID, fdItemID, 0, fdItemCorrect from useritem where fdGlobalItemID = GlobalItemID9;	
						delete from copyuseritem where fdGlobalItemID = GlobalItemID9;
						insert into copyuseritem (fdGlobalID, fdItemID, fdItemPos, fdItemCorrect) select tradedGlobalID, fdItemID, 0, fdItemCorrect from useritem where fdGlobalItemID = GlobalItemID9;
						insert into insertuseritem (fdGlobalItemID, fdOldItemID, fdGlobalID, fdItemID, fdItemPos, fdItemCorrect) select LAST_INSERT_ID(), GlobalItemID9, tradedGlobalID, fdItemID, 0, fdItemCorrect from useritem where fdGlobalItemID = GlobalItemID9;
				END IF;
				
				IF (GlobalItemID10 > 0) THEN
						insert into removeuseritem (fdGlobalItemID, fdGlobalID, fdItemID, fdItemPos, fdItemCorrect) select fdGlobalItemID, tradedGlobalID, fdItemID, 0, fdItemCorrect from useritem where fdGlobalItemID = GlobalItemID10;	
						delete from copyuseritem where fdGlobalItemID = GlobalItemID10;
						insert into copyuseritem (fdGlobalID, fdItemID, fdItemPos, fdItemCorrect) select tradedGlobalID, fdItemID, 0, fdItemCorrect from useritem where fdGlobalItemID = GlobalItemID10;
						insert into insertuseritem (fdGlobalItemID, fdOldItemID, fdGlobalID, fdItemID, fdItemPos, fdItemCorrect) select LAST_INSERT_ID(), GlobalItemID10, tradedGlobalID, fdItemID, 0, fdItemCorrect from useritem where fdGlobalItemID = GlobalItemID10;
				END IF;
				
				IF (GlobalItemID11 > 0) THEN
						insert into removeuseritem (fdGlobalItemID, fdGlobalID, fdItemID, fdItemPos, fdItemCorrect) select fdGlobalItemID, tradedGlobalID, fdItemID, 0, fdItemCorrect from useritem where fdGlobalItemID = GlobalItemID11;	
						delete from copyuseritem where fdGlobalItemID = GlobalItemID11;
						insert into copyuseritem (fdGlobalID, fdItemID, fdItemPos, fdItemCorrect) select tradedGlobalID, fdItemID, 0, fdItemCorrect from useritem where fdGlobalItemID = GlobalItemID11;
						insert into insertuseritem (fdGlobalItemID, fdOldItemID, fdGlobalID, fdItemID, fdItemPos, fdItemCorrect) select LAST_INSERT_ID(), GlobalItemID11, tradedGlobalID, fdItemID, 0, fdItemCorrect from useritem where fdGlobalItemID = GlobalItemID11;
				END IF;
				
				IF (GlobalItemID12 > 0) THEN
						insert into removeuseritem (fdGlobalItemID, fdGlobalID, fdItemID, fdItemPos, fdItemCorrect) select fdGlobalItemID, tradedGlobalID, fdItemID, 0, fdItemCorrect from useritem where fdGlobalItemID = GlobalItemID12;	
						delete from copyuseritem where fdGlobalItemID = GlobalItemID12;
						insert into copyuseritem (fdGlobalID, fdItemID, fdItemPos, fdItemCorrect) select tradedGlobalID, fdItemID, 0, fdItemCorrect from useritem where fdGlobalItemID = GlobalItemID12;
						insert into insertuseritem (fdGlobalItemID, fdOldItemID, fdGlobalID, fdItemID, fdItemPos, fdItemCorrect) select LAST_INSERT_ID(), GlobalItemID12, tradedGlobalID, fdItemID, 0, fdItemCorrect from useritem where fdGlobalItemID = GlobalItemID12;
				END IF;
				
				IF tradeZula <> 0 or tradedZula <> 0 THEN
				    select fdZula into GlobalZula from usercharacterinfo where fdGlobalID = tradeGlobalID;
					  IF tradeGlobalID = cmpTradeGlobalID THEN
		            update usercharacterinfo set fdZula = GlobalZula - tradeZula + tradedZula where fdGlobalID = tradeGlobalID;
						ELSE
						    update usercharacterinfo set fdZula = GlobalZula - tradedZula + tradeZula where fdGlobalID = tradeGlobalID;	
						END IF;
		    END IF;
    END IF;		
		UNTIL done END REPEAT;
		DROP TABLE IF EXISTS copyuseritem2;
		CREATE TEMPORARY TABLE copyuseritem2 like copyuseritem;
		INSERT copyuseritem2 select * from copyuseritem;
CLOSE cur2;
    


set done = 0;
OPEN cur3;

    REPEAT
		FETCH cur3 into GlobalItemID, OldItemID, GlobalID, ItemID, ItemPos, ItemCorrect;

    IF NOT done THEN
		    select MIN(t1.fdItemPos + 1) into ItemPos from copyuseritem t1 left join copyuseritem2 t2 on t1.fdItemPos + 1 = t2.fdItemPos and t2.fdGlobalID = GlobalID where t2.fdItemPos IS NULL;
				update copyuseritem set fdItemPos = ItemPos where fdGlobalItemID = GlobalItemID;
				update copyuseritem2 set fdItemPos = ItemPos where fdGlobalItemID = GlobalItemID;
				update insertuseritem set fdItemPos = ItemPos where fdGlobalItemID = GlobalItemID;
		END IF;
		UNTIL done END REPEAT;
CLOSE cur3;

ELSE
    insert into insertuseritem (fdGlobalItemID, fdOldItemID, fdGlobalID, fdItemID, fdItemPos, fdItemCorrect) value(-1, 0, 0, 0, 0, 0);	
END IF;

		delete u1 from useritem u1 inner join removeuseritem u2 on u1.fdGlobalItemID = u2.fdGlobalItemID; 
    insert into useritem (fdGlobalItemID, fdGlobalID, fdItemID, fdItemPos, fdItemWear, fdItemCorrect, fdItemCount) select fdGlobalItemID, fdGlobalID, fdItemID, fdItemPos, 0, fdItemCorrect, 1 from insertuseritem;

		select fdGlobalItemID, fdOldItemID, fdGlobalID, fdItemPos from insertuseritem;
		#SET result = '1'; 
		drop table removeuseritem;
		drop table insertuseritem;
		drop table copyuseritem;
		drop table copyuseritem2;
		COMMIT;
		
		#SELECT result AS 'result';
	
END
;;
delimiter ;

-- ----------------------------
-- Procedure structure for usp_updateTrade
-- ----------------------------
DROP PROCEDURE IF EXISTS `usp_updateTrade`;
delimiter ;;
CREATE PROCEDURE `usp_updateTrade`(IN `tradeid` INT(11), IN `tradePlayer` INT(11), IN `tradeItem1` INT(11), IN `tradeItem2` INT(11), IN `tradeItem3` INT(11), IN `tradeItem4` INT(11), IN `tradeItem5` INT(11), IN `tradeItem6` INT(11), IN `tradeItem7` INT(11), IN `tradeItem8` INT(11), IN `tradeItem9` INT(11), IN `tradeItem10` INT(11), IN `tradeItem11` INT(11), IN `tradeItem12` INT(11), IN `tradeZula` INT(11), IN `tradelock` INT(11))
  NO SQL 
BEGIN
DECLARE result VARCHAR(50);

IF EXISTS (SELECT fdTradeID FROM tradeinfo WHERE fdTradeID = tradeid and fdGlobalID = tradePlayer) THEN
    update tradeinfo set fdGlobalItemID1 = tradeItem1, fdGlobalItemID2 = tradeItem2, fdGlobalItemID3 = tradeItem3, fdGlobalItemID4 = tradeItem4, fdGlobalItemID5 = tradeItem5, fdGlobalItemID6 = tradeItem6, fdGlobalItemID7 = tradeItem7, fdGlobalItemID8 = tradeItem8, fdGlobalItemID9 = tradeItem9, fdGlobalItemID10 = tradeItem10, fdGlobalItemID11 = tradeItem11, fdGlobalItemID12 = tradeItem12,  fdTradeZula = tradeZula, fdTradeLock = tradelock where fdTradeID = tradeid and fdGlobalID = tradePlayer;
    SET result = '1'; 
  ELSE
	  SET result = '2'; 
	END IF;
	SELECT result AS 'result';
END
;;
delimiter ;

-- ----------------------------
-- Procedure structure for usp_updateTradeLock
-- ----------------------------
DROP PROCEDURE IF EXISTS `usp_updateTradeLock`;
delimiter ;;
CREATE PROCEDURE `usp_updateTradeLock`(IN `tradeid` INT(11), IN `tradePlayer` INT(11), IN `tradelock` INT(11))
  NO SQL 
BEGIN
DECLARE result VARCHAR(50);

IF EXISTS (SELECT fdTradeID FROM tradeinfo WHERE fdTradeID = tradeid and fdGlobalID = tradePlayer) THEN
    update tradeinfo set fdTradeLock = tradelock where fdTradeID = tradeid and fdGlobalID = tradePlayer;
    SET result = '1'; 
  ELSE
	  SET result = '2'; 
	END IF;
	SELECT result AS 'result';
END
;;
delimiter ;

-- ----------------------------
-- Procedure structure for usp_wearEquipmentItem
-- ----------------------------
DROP PROCEDURE IF EXISTS `usp_wearEquipmentItem`;
delimiter ;;
CREATE PROCEDURE `usp_wearEquipmentItem`(IN `globalid` INT(11), IN `itemid` INT(11), IN `globalitemid` INT(11), IN `isWear` INT(11))
  NO SQL 
BEGIN
DECLARE result VARCHAR(50); 

IF EXISTS (SELECT fdItemID FROM useritem where fdGlobalID = globalid and fdItemID = itemid and fdGlobalItemID = globalitemid) THEN

		IF isWear = 1 THEN
		    update useritem set fdItemWear = 1 where fdGlobalID = globalid and fdItemID = itemid and fdGlobalItemID = globalitemid;
		ELSE
		    update useritem set fdItemWear = 0 where fdGlobalID = globalid and fdItemID = itemid and fdGlobalItemID = globalitemid;
		END IF;
		
	  SET result = '1'; 
	ELSE
	  SET result = '2'; 
	END IF;
	SELECT result AS 'result';
END
;;
delimiter ;

SET FOREIGN_KEY_CHECKS = 1;
